,VIEW_NAME,ViewDefinition,ColumnName,DataType,MaxLength,Precision,Scale,IsNullable,IsIdentity
0,Customer and Suppliers by City,"
create view ""Customer and Suppliers by City"" AS
SELECT City, CompanyName, ContactName, 'Customers' AS Relationship 
FROM Customers
UNION SELECT City, CompanyName, ContactName, 'Suppliers'
FROM Suppliers
--ORDER BY City, CompanyName
",Relationship,varchar,9,0,0,False,False
1,Customer and Suppliers by City,"
create view ""Customer and Suppliers by City"" AS
SELECT City, CompanyName, ContactName, 'Customers' AS Relationship 
FROM Customers
UNION SELECT City, CompanyName, ContactName, 'Suppliers'
FROM Suppliers
--ORDER BY City, CompanyName
",City,nvarchar,30,0,0,True,False
2,Customer and Suppliers by City,"
create view ""Customer and Suppliers by City"" AS
SELECT City, CompanyName, ContactName, 'Customers' AS Relationship 
FROM Customers
UNION SELECT City, CompanyName, ContactName, 'Suppliers'
FROM Suppliers
--ORDER BY City, CompanyName
",CompanyName,nvarchar,80,0,0,False,False
3,Customer and Suppliers by City,"
create view ""Customer and Suppliers by City"" AS
SELECT City, CompanyName, ContactName, 'Customers' AS Relationship 
FROM Customers
UNION SELECT City, CompanyName, ContactName, 'Suppliers'
FROM Suppliers
--ORDER BY City, CompanyName
",ContactName,nvarchar,60,0,0,True,False
4,Customer and Suppliers by City,"
create view ""Customer and Suppliers by City"" AS
SELECT City, CompanyName, ContactName, 'Customers' AS Relationship 
FROM Customers
UNION SELECT City, CompanyName, ContactName, 'Suppliers'
FROM Suppliers
--ORDER BY City, CompanyName
",City,sysname,30,0,0,True,False
5,Customer and Suppliers by City,"
create view ""Customer and Suppliers by City"" AS
SELECT City, CompanyName, ContactName, 'Customers' AS Relationship 
FROM Customers
UNION SELECT City, CompanyName, ContactName, 'Suppliers'
FROM Suppliers
--ORDER BY City, CompanyName
",CompanyName,sysname,80,0,0,False,False
6,Customer and Suppliers by City,"
create view ""Customer and Suppliers by City"" AS
SELECT City, CompanyName, ContactName, 'Customers' AS Relationship 
FROM Customers
UNION SELECT City, CompanyName, ContactName, 'Suppliers'
FROM Suppliers
--ORDER BY City, CompanyName
",ContactName,sysname,60,0,0,True,False
7,Alphabetical list of products,"
create view ""Alphabetical list of products"" AS
SELECT Products.*, Categories.CategoryName
FROM Categories INNER JOIN Products ON Categories.CategoryID = Products.CategoryID
WHERE (((Products.Discontinued)=0))
",UnitsInStock,smallint,2,5,0,True,False
8,Alphabetical list of products,"
create view ""Alphabetical list of products"" AS
SELECT Products.*, Categories.CategoryName
FROM Categories INNER JOIN Products ON Categories.CategoryID = Products.CategoryID
WHERE (((Products.Discontinued)=0))
",UnitsOnOrder,smallint,2,5,0,True,False
9,Alphabetical list of products,"
create view ""Alphabetical list of products"" AS
SELECT Products.*, Categories.CategoryName
FROM Categories INNER JOIN Products ON Categories.CategoryID = Products.CategoryID
WHERE (((Products.Discontinued)=0))
",ReorderLevel,smallint,2,5,0,True,False
10,Alphabetical list of products,"
create view ""Alphabetical list of products"" AS
SELECT Products.*, Categories.CategoryName
FROM Categories INNER JOIN Products ON Categories.CategoryID = Products.CategoryID
WHERE (((Products.Discontinued)=0))
",ProductID,int,4,10,0,False,False
11,Alphabetical list of products,"
create view ""Alphabetical list of products"" AS
SELECT Products.*, Categories.CategoryName
FROM Categories INNER JOIN Products ON Categories.CategoryID = Products.CategoryID
WHERE (((Products.Discontinued)=0))
",SupplierID,int,4,10,0,True,False
12,Alphabetical list of products,"
create view ""Alphabetical list of products"" AS
SELECT Products.*, Categories.CategoryName
FROM Categories INNER JOIN Products ON Categories.CategoryID = Products.CategoryID
WHERE (((Products.Discontinued)=0))
",CategoryID,int,4,10,0,True,False
13,Alphabetical list of products,"
create view ""Alphabetical list of products"" AS
SELECT Products.*, Categories.CategoryName
FROM Categories INNER JOIN Products ON Categories.CategoryID = Products.CategoryID
WHERE (((Products.Discontinued)=0))
",UnitPrice,money,8,19,4,True,False
14,Alphabetical list of products,"
create view ""Alphabetical list of products"" AS
SELECT Products.*, Categories.CategoryName
FROM Categories INNER JOIN Products ON Categories.CategoryID = Products.CategoryID
WHERE (((Products.Discontinued)=0))
",Discontinued,bit,1,1,0,False,False
15,Alphabetical list of products,"
create view ""Alphabetical list of products"" AS
SELECT Products.*, Categories.CategoryName
FROM Categories INNER JOIN Products ON Categories.CategoryID = Products.CategoryID
WHERE (((Products.Discontinued)=0))
",ProductName,nvarchar,80,0,0,False,False
16,Alphabetical list of products,"
create view ""Alphabetical list of products"" AS
SELECT Products.*, Categories.CategoryName
FROM Categories INNER JOIN Products ON Categories.CategoryID = Products.CategoryID
WHERE (((Products.Discontinued)=0))
",QuantityPerUnit,nvarchar,40,0,0,True,False
17,Alphabetical list of products,"
create view ""Alphabetical list of products"" AS
SELECT Products.*, Categories.CategoryName
FROM Categories INNER JOIN Products ON Categories.CategoryID = Products.CategoryID
WHERE (((Products.Discontinued)=0))
",CategoryName,nvarchar,30,0,0,False,False
18,Alphabetical list of products,"
create view ""Alphabetical list of products"" AS
SELECT Products.*, Categories.CategoryName
FROM Categories INNER JOIN Products ON Categories.CategoryID = Products.CategoryID
WHERE (((Products.Discontinued)=0))
",ProductName,sysname,80,0,0,False,False
19,Alphabetical list of products,"
create view ""Alphabetical list of products"" AS
SELECT Products.*, Categories.CategoryName
FROM Categories INNER JOIN Products ON Categories.CategoryID = Products.CategoryID
WHERE (((Products.Discontinued)=0))
",QuantityPerUnit,sysname,40,0,0,True,False
20,Alphabetical list of products,"
create view ""Alphabetical list of products"" AS
SELECT Products.*, Categories.CategoryName
FROM Categories INNER JOIN Products ON Categories.CategoryID = Products.CategoryID
WHERE (((Products.Discontinued)=0))
",CategoryName,sysname,30,0,0,False,False
21,Current Product List,"
create view ""Current Product List"" AS
SELECT Product_List.ProductID, Product_List.ProductName
FROM Products AS Product_List
WHERE (((Product_List.Discontinued)=0))
--ORDER BY Product_List.ProductName
",ProductID,int,4,10,0,False,True
22,Current Product List,"
create view ""Current Product List"" AS
SELECT Product_List.ProductID, Product_List.ProductName
FROM Products AS Product_List
WHERE (((Product_List.Discontinued)=0))
--ORDER BY Product_List.ProductName
",ProductName,nvarchar,80,0,0,False,False
23,Current Product List,"
create view ""Current Product List"" AS
SELECT Product_List.ProductID, Product_List.ProductName
FROM Products AS Product_List
WHERE (((Product_List.Discontinued)=0))
--ORDER BY Product_List.ProductName
",ProductName,sysname,80,0,0,False,False
24,Orders Qry,"
create view ""Orders Qry"" AS
SELECT Orders.OrderID, Orders.CustomerID, Orders.EmployeeID, Orders.OrderDate, Orders.RequiredDate, 
	Orders.ShippedDate, Orders.ShipVia, Orders.Freight, Orders.ShipName, Orders.ShipAddress, Orders.ShipCity, 
	Orders.ShipRegion, Orders.ShipPostalCode, Orders.ShipCountry, 
	Customers.CompanyName, Customers.Address, Customers.City, Customers.Region, Customers.PostalCode, Customers.Country
FROM Customers INNER JOIN Orders ON Customers.CustomerID = Orders.CustomerID
",OrderID,int,4,10,0,False,False
25,Orders Qry,"
create view ""Orders Qry"" AS
SELECT Orders.OrderID, Orders.CustomerID, Orders.EmployeeID, Orders.OrderDate, Orders.RequiredDate, 
	Orders.ShippedDate, Orders.ShipVia, Orders.Freight, Orders.ShipName, Orders.ShipAddress, Orders.ShipCity, 
	Orders.ShipRegion, Orders.ShipPostalCode, Orders.ShipCountry, 
	Customers.CompanyName, Customers.Address, Customers.City, Customers.Region, Customers.PostalCode, Customers.Country
FROM Customers INNER JOIN Orders ON Customers.CustomerID = Orders.CustomerID
",EmployeeID,int,4,10,0,True,False
26,Orders Qry,"
create view ""Orders Qry"" AS
SELECT Orders.OrderID, Orders.CustomerID, Orders.EmployeeID, Orders.OrderDate, Orders.RequiredDate, 
	Orders.ShippedDate, Orders.ShipVia, Orders.Freight, Orders.ShipName, Orders.ShipAddress, Orders.ShipCity, 
	Orders.ShipRegion, Orders.ShipPostalCode, Orders.ShipCountry, 
	Customers.CompanyName, Customers.Address, Customers.City, Customers.Region, Customers.PostalCode, Customers.Country
FROM Customers INNER JOIN Orders ON Customers.CustomerID = Orders.CustomerID
",ShipVia,int,4,10,0,True,False
27,Orders Qry,"
create view ""Orders Qry"" AS
SELECT Orders.OrderID, Orders.CustomerID, Orders.EmployeeID, Orders.OrderDate, Orders.RequiredDate, 
	Orders.ShippedDate, Orders.ShipVia, Orders.Freight, Orders.ShipName, Orders.ShipAddress, Orders.ShipCity, 
	Orders.ShipRegion, Orders.ShipPostalCode, Orders.ShipCountry, 
	Customers.CompanyName, Customers.Address, Customers.City, Customers.Region, Customers.PostalCode, Customers.Country
FROM Customers INNER JOIN Orders ON Customers.CustomerID = Orders.CustomerID
",Freight,money,8,19,4,True,False
28,Orders Qry,"
create view ""Orders Qry"" AS
SELECT Orders.OrderID, Orders.CustomerID, Orders.EmployeeID, Orders.OrderDate, Orders.RequiredDate, 
	Orders.ShippedDate, Orders.ShipVia, Orders.Freight, Orders.ShipName, Orders.ShipAddress, Orders.ShipCity, 
	Orders.ShipRegion, Orders.ShipPostalCode, Orders.ShipCountry, 
	Customers.CompanyName, Customers.Address, Customers.City, Customers.Region, Customers.PostalCode, Customers.Country
FROM Customers INNER JOIN Orders ON Customers.CustomerID = Orders.CustomerID
",OrderDate,datetime,8,23,3,True,False
29,Orders Qry,"
create view ""Orders Qry"" AS
SELECT Orders.OrderID, Orders.CustomerID, Orders.EmployeeID, Orders.OrderDate, Orders.RequiredDate, 
	Orders.ShippedDate, Orders.ShipVia, Orders.Freight, Orders.ShipName, Orders.ShipAddress, Orders.ShipCity, 
	Orders.ShipRegion, Orders.ShipPostalCode, Orders.ShipCountry, 
	Customers.CompanyName, Customers.Address, Customers.City, Customers.Region, Customers.PostalCode, Customers.Country
FROM Customers INNER JOIN Orders ON Customers.CustomerID = Orders.CustomerID
",RequiredDate,datetime,8,23,3,True,False
30,Orders Qry,"
create view ""Orders Qry"" AS
SELECT Orders.OrderID, Orders.CustomerID, Orders.EmployeeID, Orders.OrderDate, Orders.RequiredDate, 
	Orders.ShippedDate, Orders.ShipVia, Orders.Freight, Orders.ShipName, Orders.ShipAddress, Orders.ShipCity, 
	Orders.ShipRegion, Orders.ShipPostalCode, Orders.ShipCountry, 
	Customers.CompanyName, Customers.Address, Customers.City, Customers.Region, Customers.PostalCode, Customers.Country
FROM Customers INNER JOIN Orders ON Customers.CustomerID = Orders.CustomerID
",ShippedDate,datetime,8,23,3,True,False
31,Orders Qry,"
create view ""Orders Qry"" AS
SELECT Orders.OrderID, Orders.CustomerID, Orders.EmployeeID, Orders.OrderDate, Orders.RequiredDate, 
	Orders.ShippedDate, Orders.ShipVia, Orders.Freight, Orders.ShipName, Orders.ShipAddress, Orders.ShipCity, 
	Orders.ShipRegion, Orders.ShipPostalCode, Orders.ShipCountry, 
	Customers.CompanyName, Customers.Address, Customers.City, Customers.Region, Customers.PostalCode, Customers.Country
FROM Customers INNER JOIN Orders ON Customers.CustomerID = Orders.CustomerID
",ShipName,nvarchar,80,0,0,True,False
32,Orders Qry,"
create view ""Orders Qry"" AS
SELECT Orders.OrderID, Orders.CustomerID, Orders.EmployeeID, Orders.OrderDate, Orders.RequiredDate, 
	Orders.ShippedDate, Orders.ShipVia, Orders.Freight, Orders.ShipName, Orders.ShipAddress, Orders.ShipCity, 
	Orders.ShipRegion, Orders.ShipPostalCode, Orders.ShipCountry, 
	Customers.CompanyName, Customers.Address, Customers.City, Customers.Region, Customers.PostalCode, Customers.Country
FROM Customers INNER JOIN Orders ON Customers.CustomerID = Orders.CustomerID
",ShipAddress,nvarchar,120,0,0,True,False
33,Orders Qry,"
create view ""Orders Qry"" AS
SELECT Orders.OrderID, Orders.CustomerID, Orders.EmployeeID, Orders.OrderDate, Orders.RequiredDate, 
	Orders.ShippedDate, Orders.ShipVia, Orders.Freight, Orders.ShipName, Orders.ShipAddress, Orders.ShipCity, 
	Orders.ShipRegion, Orders.ShipPostalCode, Orders.ShipCountry, 
	Customers.CompanyName, Customers.Address, Customers.City, Customers.Region, Customers.PostalCode, Customers.Country
FROM Customers INNER JOIN Orders ON Customers.CustomerID = Orders.CustomerID
",ShipCity,nvarchar,30,0,0,True,False
34,Orders Qry,"
create view ""Orders Qry"" AS
SELECT Orders.OrderID, Orders.CustomerID, Orders.EmployeeID, Orders.OrderDate, Orders.RequiredDate, 
	Orders.ShippedDate, Orders.ShipVia, Orders.Freight, Orders.ShipName, Orders.ShipAddress, Orders.ShipCity, 
	Orders.ShipRegion, Orders.ShipPostalCode, Orders.ShipCountry, 
	Customers.CompanyName, Customers.Address, Customers.City, Customers.Region, Customers.PostalCode, Customers.Country
FROM Customers INNER JOIN Orders ON Customers.CustomerID = Orders.CustomerID
",ShipRegion,nvarchar,30,0,0,True,False
35,Orders Qry,"
create view ""Orders Qry"" AS
SELECT Orders.OrderID, Orders.CustomerID, Orders.EmployeeID, Orders.OrderDate, Orders.RequiredDate, 
	Orders.ShippedDate, Orders.ShipVia, Orders.Freight, Orders.ShipName, Orders.ShipAddress, Orders.ShipCity, 
	Orders.ShipRegion, Orders.ShipPostalCode, Orders.ShipCountry, 
	Customers.CompanyName, Customers.Address, Customers.City, Customers.Region, Customers.PostalCode, Customers.Country
FROM Customers INNER JOIN Orders ON Customers.CustomerID = Orders.CustomerID
",ShipPostalCode,nvarchar,20,0,0,True,False
36,Orders Qry,"
create view ""Orders Qry"" AS
SELECT Orders.OrderID, Orders.CustomerID, Orders.EmployeeID, Orders.OrderDate, Orders.RequiredDate, 
	Orders.ShippedDate, Orders.ShipVia, Orders.Freight, Orders.ShipName, Orders.ShipAddress, Orders.ShipCity, 
	Orders.ShipRegion, Orders.ShipPostalCode, Orders.ShipCountry, 
	Customers.CompanyName, Customers.Address, Customers.City, Customers.Region, Customers.PostalCode, Customers.Country
FROM Customers INNER JOIN Orders ON Customers.CustomerID = Orders.CustomerID
",ShipCountry,nvarchar,30,0,0,True,False
37,Orders Qry,"
create view ""Orders Qry"" AS
SELECT Orders.OrderID, Orders.CustomerID, Orders.EmployeeID, Orders.OrderDate, Orders.RequiredDate, 
	Orders.ShippedDate, Orders.ShipVia, Orders.Freight, Orders.ShipName, Orders.ShipAddress, Orders.ShipCity, 
	Orders.ShipRegion, Orders.ShipPostalCode, Orders.ShipCountry, 
	Customers.CompanyName, Customers.Address, Customers.City, Customers.Region, Customers.PostalCode, Customers.Country
FROM Customers INNER JOIN Orders ON Customers.CustomerID = Orders.CustomerID
",CompanyName,nvarchar,80,0,0,False,False
38,Orders Qry,"
create view ""Orders Qry"" AS
SELECT Orders.OrderID, Orders.CustomerID, Orders.EmployeeID, Orders.OrderDate, Orders.RequiredDate, 
	Orders.ShippedDate, Orders.ShipVia, Orders.Freight, Orders.ShipName, Orders.ShipAddress, Orders.ShipCity, 
	Orders.ShipRegion, Orders.ShipPostalCode, Orders.ShipCountry, 
	Customers.CompanyName, Customers.Address, Customers.City, Customers.Region, Customers.PostalCode, Customers.Country
FROM Customers INNER JOIN Orders ON Customers.CustomerID = Orders.CustomerID
",Address,nvarchar,120,0,0,True,False
39,Orders Qry,"
create view ""Orders Qry"" AS
SELECT Orders.OrderID, Orders.CustomerID, Orders.EmployeeID, Orders.OrderDate, Orders.RequiredDate, 
	Orders.ShippedDate, Orders.ShipVia, Orders.Freight, Orders.ShipName, Orders.ShipAddress, Orders.ShipCity, 
	Orders.ShipRegion, Orders.ShipPostalCode, Orders.ShipCountry, 
	Customers.CompanyName, Customers.Address, Customers.City, Customers.Region, Customers.PostalCode, Customers.Country
FROM Customers INNER JOIN Orders ON Customers.CustomerID = Orders.CustomerID
",City,nvarchar,30,0,0,True,False
40,Orders Qry,"
create view ""Orders Qry"" AS
SELECT Orders.OrderID, Orders.CustomerID, Orders.EmployeeID, Orders.OrderDate, Orders.RequiredDate, 
	Orders.ShippedDate, Orders.ShipVia, Orders.Freight, Orders.ShipName, Orders.ShipAddress, Orders.ShipCity, 
	Orders.ShipRegion, Orders.ShipPostalCode, Orders.ShipCountry, 
	Customers.CompanyName, Customers.Address, Customers.City, Customers.Region, Customers.PostalCode, Customers.Country
FROM Customers INNER JOIN Orders ON Customers.CustomerID = Orders.CustomerID
",Region,nvarchar,30,0,0,True,False
41,Orders Qry,"
create view ""Orders Qry"" AS
SELECT Orders.OrderID, Orders.CustomerID, Orders.EmployeeID, Orders.OrderDate, Orders.RequiredDate, 
	Orders.ShippedDate, Orders.ShipVia, Orders.Freight, Orders.ShipName, Orders.ShipAddress, Orders.ShipCity, 
	Orders.ShipRegion, Orders.ShipPostalCode, Orders.ShipCountry, 
	Customers.CompanyName, Customers.Address, Customers.City, Customers.Region, Customers.PostalCode, Customers.Country
FROM Customers INNER JOIN Orders ON Customers.CustomerID = Orders.CustomerID
",PostalCode,nvarchar,20,0,0,True,False
42,Orders Qry,"
create view ""Orders Qry"" AS
SELECT Orders.OrderID, Orders.CustomerID, Orders.EmployeeID, Orders.OrderDate, Orders.RequiredDate, 
	Orders.ShippedDate, Orders.ShipVia, Orders.Freight, Orders.ShipName, Orders.ShipAddress, Orders.ShipCity, 
	Orders.ShipRegion, Orders.ShipPostalCode, Orders.ShipCountry, 
	Customers.CompanyName, Customers.Address, Customers.City, Customers.Region, Customers.PostalCode, Customers.Country
FROM Customers INNER JOIN Orders ON Customers.CustomerID = Orders.CustomerID
",Country,nvarchar,30,0,0,True,False
43,Orders Qry,"
create view ""Orders Qry"" AS
SELECT Orders.OrderID, Orders.CustomerID, Orders.EmployeeID, Orders.OrderDate, Orders.RequiredDate, 
	Orders.ShippedDate, Orders.ShipVia, Orders.Freight, Orders.ShipName, Orders.ShipAddress, Orders.ShipCity, 
	Orders.ShipRegion, Orders.ShipPostalCode, Orders.ShipCountry, 
	Customers.CompanyName, Customers.Address, Customers.City, Customers.Region, Customers.PostalCode, Customers.Country
FROM Customers INNER JOIN Orders ON Customers.CustomerID = Orders.CustomerID
",CustomerID,nchar,10,0,0,True,False
44,Orders Qry,"
create view ""Orders Qry"" AS
SELECT Orders.OrderID, Orders.CustomerID, Orders.EmployeeID, Orders.OrderDate, Orders.RequiredDate, 
	Orders.ShippedDate, Orders.ShipVia, Orders.Freight, Orders.ShipName, Orders.ShipAddress, Orders.ShipCity, 
	Orders.ShipRegion, Orders.ShipPostalCode, Orders.ShipCountry, 
	Customers.CompanyName, Customers.Address, Customers.City, Customers.Region, Customers.PostalCode, Customers.Country
FROM Customers INNER JOIN Orders ON Customers.CustomerID = Orders.CustomerID
",ShipName,sysname,80,0,0,True,False
45,Orders Qry,"
create view ""Orders Qry"" AS
SELECT Orders.OrderID, Orders.CustomerID, Orders.EmployeeID, Orders.OrderDate, Orders.RequiredDate, 
	Orders.ShippedDate, Orders.ShipVia, Orders.Freight, Orders.ShipName, Orders.ShipAddress, Orders.ShipCity, 
	Orders.ShipRegion, Orders.ShipPostalCode, Orders.ShipCountry, 
	Customers.CompanyName, Customers.Address, Customers.City, Customers.Region, Customers.PostalCode, Customers.Country
FROM Customers INNER JOIN Orders ON Customers.CustomerID = Orders.CustomerID
",ShipAddress,sysname,120,0,0,True,False
46,Orders Qry,"
create view ""Orders Qry"" AS
SELECT Orders.OrderID, Orders.CustomerID, Orders.EmployeeID, Orders.OrderDate, Orders.RequiredDate, 
	Orders.ShippedDate, Orders.ShipVia, Orders.Freight, Orders.ShipName, Orders.ShipAddress, Orders.ShipCity, 
	Orders.ShipRegion, Orders.ShipPostalCode, Orders.ShipCountry, 
	Customers.CompanyName, Customers.Address, Customers.City, Customers.Region, Customers.PostalCode, Customers.Country
FROM Customers INNER JOIN Orders ON Customers.CustomerID = Orders.CustomerID
",ShipCity,sysname,30,0,0,True,False
47,Orders Qry,"
create view ""Orders Qry"" AS
SELECT Orders.OrderID, Orders.CustomerID, Orders.EmployeeID, Orders.OrderDate, Orders.RequiredDate, 
	Orders.ShippedDate, Orders.ShipVia, Orders.Freight, Orders.ShipName, Orders.ShipAddress, Orders.ShipCity, 
	Orders.ShipRegion, Orders.ShipPostalCode, Orders.ShipCountry, 
	Customers.CompanyName, Customers.Address, Customers.City, Customers.Region, Customers.PostalCode, Customers.Country
FROM Customers INNER JOIN Orders ON Customers.CustomerID = Orders.CustomerID
",ShipRegion,sysname,30,0,0,True,False
48,Orders Qry,"
create view ""Orders Qry"" AS
SELECT Orders.OrderID, Orders.CustomerID, Orders.EmployeeID, Orders.OrderDate, Orders.RequiredDate, 
	Orders.ShippedDate, Orders.ShipVia, Orders.Freight, Orders.ShipName, Orders.ShipAddress, Orders.ShipCity, 
	Orders.ShipRegion, Orders.ShipPostalCode, Orders.ShipCountry, 
	Customers.CompanyName, Customers.Address, Customers.City, Customers.Region, Customers.PostalCode, Customers.Country
FROM Customers INNER JOIN Orders ON Customers.CustomerID = Orders.CustomerID
",ShipPostalCode,sysname,20,0,0,True,False
49,Orders Qry,"
create view ""Orders Qry"" AS
SELECT Orders.OrderID, Orders.CustomerID, Orders.EmployeeID, Orders.OrderDate, Orders.RequiredDate, 
	Orders.ShippedDate, Orders.ShipVia, Orders.Freight, Orders.ShipName, Orders.ShipAddress, Orders.ShipCity, 
	Orders.ShipRegion, Orders.ShipPostalCode, Orders.ShipCountry, 
	Customers.CompanyName, Customers.Address, Customers.City, Customers.Region, Customers.PostalCode, Customers.Country
FROM Customers INNER JOIN Orders ON Customers.CustomerID = Orders.CustomerID
",ShipCountry,sysname,30,0,0,True,False
50,Orders Qry,"
create view ""Orders Qry"" AS
SELECT Orders.OrderID, Orders.CustomerID, Orders.EmployeeID, Orders.OrderDate, Orders.RequiredDate, 
	Orders.ShippedDate, Orders.ShipVia, Orders.Freight, Orders.ShipName, Orders.ShipAddress, Orders.ShipCity, 
	Orders.ShipRegion, Orders.ShipPostalCode, Orders.ShipCountry, 
	Customers.CompanyName, Customers.Address, Customers.City, Customers.Region, Customers.PostalCode, Customers.Country
FROM Customers INNER JOIN Orders ON Customers.CustomerID = Orders.CustomerID
",CompanyName,sysname,80,0,0,False,False
51,Orders Qry,"
create view ""Orders Qry"" AS
SELECT Orders.OrderID, Orders.CustomerID, Orders.EmployeeID, Orders.OrderDate, Orders.RequiredDate, 
	Orders.ShippedDate, Orders.ShipVia, Orders.Freight, Orders.ShipName, Orders.ShipAddress, Orders.ShipCity, 
	Orders.ShipRegion, Orders.ShipPostalCode, Orders.ShipCountry, 
	Customers.CompanyName, Customers.Address, Customers.City, Customers.Region, Customers.PostalCode, Customers.Country
FROM Customers INNER JOIN Orders ON Customers.CustomerID = Orders.CustomerID
",Address,sysname,120,0,0,True,False
52,Orders Qry,"
create view ""Orders Qry"" AS
SELECT Orders.OrderID, Orders.CustomerID, Orders.EmployeeID, Orders.OrderDate, Orders.RequiredDate, 
	Orders.ShippedDate, Orders.ShipVia, Orders.Freight, Orders.ShipName, Orders.ShipAddress, Orders.ShipCity, 
	Orders.ShipRegion, Orders.ShipPostalCode, Orders.ShipCountry, 
	Customers.CompanyName, Customers.Address, Customers.City, Customers.Region, Customers.PostalCode, Customers.Country
FROM Customers INNER JOIN Orders ON Customers.CustomerID = Orders.CustomerID
",City,sysname,30,0,0,True,False
53,Orders Qry,"
create view ""Orders Qry"" AS
SELECT Orders.OrderID, Orders.CustomerID, Orders.EmployeeID, Orders.OrderDate, Orders.RequiredDate, 
	Orders.ShippedDate, Orders.ShipVia, Orders.Freight, Orders.ShipName, Orders.ShipAddress, Orders.ShipCity, 
	Orders.ShipRegion, Orders.ShipPostalCode, Orders.ShipCountry, 
	Customers.CompanyName, Customers.Address, Customers.City, Customers.Region, Customers.PostalCode, Customers.Country
FROM Customers INNER JOIN Orders ON Customers.CustomerID = Orders.CustomerID
",Region,sysname,30,0,0,True,False
54,Orders Qry,"
create view ""Orders Qry"" AS
SELECT Orders.OrderID, Orders.CustomerID, Orders.EmployeeID, Orders.OrderDate, Orders.RequiredDate, 
	Orders.ShippedDate, Orders.ShipVia, Orders.Freight, Orders.ShipName, Orders.ShipAddress, Orders.ShipCity, 
	Orders.ShipRegion, Orders.ShipPostalCode, Orders.ShipCountry, 
	Customers.CompanyName, Customers.Address, Customers.City, Customers.Region, Customers.PostalCode, Customers.Country
FROM Customers INNER JOIN Orders ON Customers.CustomerID = Orders.CustomerID
",PostalCode,sysname,20,0,0,True,False
55,Orders Qry,"
create view ""Orders Qry"" AS
SELECT Orders.OrderID, Orders.CustomerID, Orders.EmployeeID, Orders.OrderDate, Orders.RequiredDate, 
	Orders.ShippedDate, Orders.ShipVia, Orders.Freight, Orders.ShipName, Orders.ShipAddress, Orders.ShipCity, 
	Orders.ShipRegion, Orders.ShipPostalCode, Orders.ShipCountry, 
	Customers.CompanyName, Customers.Address, Customers.City, Customers.Region, Customers.PostalCode, Customers.Country
FROM Customers INNER JOIN Orders ON Customers.CustomerID = Orders.CustomerID
",Country,sysname,30,0,0,True,False
56,Products Above Average Price,"
create view ""Products Above Average Price"" AS
SELECT Products.ProductName, Products.UnitPrice
FROM Products
WHERE Products.UnitPrice>(SELECT AVG(UnitPrice) From Products)
--ORDER BY Products.UnitPrice DESC
",UnitPrice,money,8,19,4,True,False
57,Products Above Average Price,"
create view ""Products Above Average Price"" AS
SELECT Products.ProductName, Products.UnitPrice
FROM Products
WHERE Products.UnitPrice>(SELECT AVG(UnitPrice) From Products)
--ORDER BY Products.UnitPrice DESC
",ProductName,nvarchar,80,0,0,False,False
58,Products Above Average Price,"
create view ""Products Above Average Price"" AS
SELECT Products.ProductName, Products.UnitPrice
FROM Products
WHERE Products.UnitPrice>(SELECT AVG(UnitPrice) From Products)
--ORDER BY Products.UnitPrice DESC
",ProductName,sysname,80,0,0,False,False
59,Products by Category,"
create view ""Products by Category"" AS
SELECT Categories.CategoryName, Products.ProductName, Products.QuantityPerUnit, Products.UnitsInStock, Products.Discontinued
FROM Categories INNER JOIN Products ON Categories.CategoryID = Products.CategoryID
WHERE Products.Discontinued <> 1
--ORDER BY Categories.CategoryName, Products.ProductName
",UnitsInStock,smallint,2,5,0,True,False
60,Products by Category,"
create view ""Products by Category"" AS
SELECT Categories.CategoryName, Products.ProductName, Products.QuantityPerUnit, Products.UnitsInStock, Products.Discontinued
FROM Categories INNER JOIN Products ON Categories.CategoryID = Products.CategoryID
WHERE Products.Discontinued <> 1
--ORDER BY Categories.CategoryName, Products.ProductName
",Discontinued,bit,1,1,0,False,False
61,Products by Category,"
create view ""Products by Category"" AS
SELECT Categories.CategoryName, Products.ProductName, Products.QuantityPerUnit, Products.UnitsInStock, Products.Discontinued
FROM Categories INNER JOIN Products ON Categories.CategoryID = Products.CategoryID
WHERE Products.Discontinued <> 1
--ORDER BY Categories.CategoryName, Products.ProductName
",CategoryName,nvarchar,30,0,0,False,False
62,Products by Category,"
create view ""Products by Category"" AS
SELECT Categories.CategoryName, Products.ProductName, Products.QuantityPerUnit, Products.UnitsInStock, Products.Discontinued
FROM Categories INNER JOIN Products ON Categories.CategoryID = Products.CategoryID
WHERE Products.Discontinued <> 1
--ORDER BY Categories.CategoryName, Products.ProductName
",ProductName,nvarchar,80,0,0,False,False
63,Products by Category,"
create view ""Products by Category"" AS
SELECT Categories.CategoryName, Products.ProductName, Products.QuantityPerUnit, Products.UnitsInStock, Products.Discontinued
FROM Categories INNER JOIN Products ON Categories.CategoryID = Products.CategoryID
WHERE Products.Discontinued <> 1
--ORDER BY Categories.CategoryName, Products.ProductName
",QuantityPerUnit,nvarchar,40,0,0,True,False
64,Products by Category,"
create view ""Products by Category"" AS
SELECT Categories.CategoryName, Products.ProductName, Products.QuantityPerUnit, Products.UnitsInStock, Products.Discontinued
FROM Categories INNER JOIN Products ON Categories.CategoryID = Products.CategoryID
WHERE Products.Discontinued <> 1
--ORDER BY Categories.CategoryName, Products.ProductName
",CategoryName,sysname,30,0,0,False,False
65,Products by Category,"
create view ""Products by Category"" AS
SELECT Categories.CategoryName, Products.ProductName, Products.QuantityPerUnit, Products.UnitsInStock, Products.Discontinued
FROM Categories INNER JOIN Products ON Categories.CategoryID = Products.CategoryID
WHERE Products.Discontinued <> 1
--ORDER BY Categories.CategoryName, Products.ProductName
",ProductName,sysname,80,0,0,False,False
66,Products by Category,"
create view ""Products by Category"" AS
SELECT Categories.CategoryName, Products.ProductName, Products.QuantityPerUnit, Products.UnitsInStock, Products.Discontinued
FROM Categories INNER JOIN Products ON Categories.CategoryID = Products.CategoryID
WHERE Products.Discontinued <> 1
--ORDER BY Categories.CategoryName, Products.ProductName
",QuantityPerUnit,sysname,40,0,0,True,False
67,Quarterly Orders,"
create view ""Quarterly Orders"" AS
SELECT DISTINCT Customers.CustomerID, Customers.CompanyName, Customers.City, Customers.Country
FROM Customers RIGHT JOIN Orders ON Customers.CustomerID = Orders.CustomerID
WHERE Orders.OrderDate BETWEEN '19970101' And '19971231'
",CompanyName,nvarchar,80,0,0,True,False
68,Quarterly Orders,"
create view ""Quarterly Orders"" AS
SELECT DISTINCT Customers.CustomerID, Customers.CompanyName, Customers.City, Customers.Country
FROM Customers RIGHT JOIN Orders ON Customers.CustomerID = Orders.CustomerID
WHERE Orders.OrderDate BETWEEN '19970101' And '19971231'
",City,nvarchar,30,0,0,True,False
69,Quarterly Orders,"
create view ""Quarterly Orders"" AS
SELECT DISTINCT Customers.CustomerID, Customers.CompanyName, Customers.City, Customers.Country
FROM Customers RIGHT JOIN Orders ON Customers.CustomerID = Orders.CustomerID
WHERE Orders.OrderDate BETWEEN '19970101' And '19971231'
",Country,nvarchar,30,0,0,True,False
70,Quarterly Orders,"
create view ""Quarterly Orders"" AS
SELECT DISTINCT Customers.CustomerID, Customers.CompanyName, Customers.City, Customers.Country
FROM Customers RIGHT JOIN Orders ON Customers.CustomerID = Orders.CustomerID
WHERE Orders.OrderDate BETWEEN '19970101' And '19971231'
",CustomerID,nchar,10,0,0,True,False
71,Quarterly Orders,"
create view ""Quarterly Orders"" AS
SELECT DISTINCT Customers.CustomerID, Customers.CompanyName, Customers.City, Customers.Country
FROM Customers RIGHT JOIN Orders ON Customers.CustomerID = Orders.CustomerID
WHERE Orders.OrderDate BETWEEN '19970101' And '19971231'
",CompanyName,sysname,80,0,0,True,False
72,Quarterly Orders,"
create view ""Quarterly Orders"" AS
SELECT DISTINCT Customers.CustomerID, Customers.CompanyName, Customers.City, Customers.Country
FROM Customers RIGHT JOIN Orders ON Customers.CustomerID = Orders.CustomerID
WHERE Orders.OrderDate BETWEEN '19970101' And '19971231'
",City,sysname,30,0,0,True,False
73,Quarterly Orders,"
create view ""Quarterly Orders"" AS
SELECT DISTINCT Customers.CustomerID, Customers.CompanyName, Customers.City, Customers.Country
FROM Customers RIGHT JOIN Orders ON Customers.CustomerID = Orders.CustomerID
WHERE Orders.OrderDate BETWEEN '19970101' And '19971231'
",Country,sysname,30,0,0,True,False
74,Invoices,"
create view Invoices AS
SELECT Orders.ShipName, Orders.ShipAddress, Orders.ShipCity, Orders.ShipRegion, Orders.ShipPostalCode, 
	Orders.ShipCountry, Orders.CustomerID, Customers.CompanyName AS CustomerName, Customers.Address, Customers.City, 
	Customers.Region, Customers.PostalCode, Customers.Country, 
	(FirstName + ' ' + LastName) AS Salesperson, 
	Orders.OrderID, Orders.OrderDate, Orders.RequiredDate, Orders.ShippedDate, Shippers.CompanyName As ShipperName, 
	""Order Details"".ProductID, Products.ProductName, ""Order Details"".UnitPrice, ""Order Details"".Quantity, 
	""Order Details"".Discount, 
	(CONVERT(money,(""Order Details"".UnitPrice*Quantity*(1-Discount)/100))*100) AS ExtendedPrice, Orders.Freight
FROM 	Shippers INNER JOIN 
		(Products INNER JOIN 
			(
				(Employees INNER JOIN 
					(Customers INNER JOIN Orders ON Customers.CustomerID = Orders.CustomerID) 
				ON Employees.EmployeeID = Orders.EmployeeID) 
			INNER JOIN ""Order Details"" ON Orders.OrderID = ""Order Details"".OrderID) 
		ON Products.ProductID = ""Order Details"".ProductID) 
	ON Shippers.ShipperID = Orders.ShipVia
",Quantity,smallint,2,5,0,False,False
75,Invoices,"
create view Invoices AS
SELECT Orders.ShipName, Orders.ShipAddress, Orders.ShipCity, Orders.ShipRegion, Orders.ShipPostalCode, 
	Orders.ShipCountry, Orders.CustomerID, Customers.CompanyName AS CustomerName, Customers.Address, Customers.City, 
	Customers.Region, Customers.PostalCode, Customers.Country, 
	(FirstName + ' ' + LastName) AS Salesperson, 
	Orders.OrderID, Orders.OrderDate, Orders.RequiredDate, Orders.ShippedDate, Shippers.CompanyName As ShipperName, 
	""Order Details"".ProductID, Products.ProductName, ""Order Details"".UnitPrice, ""Order Details"".Quantity, 
	""Order Details"".Discount, 
	(CONVERT(money,(""Order Details"".UnitPrice*Quantity*(1-Discount)/100))*100) AS ExtendedPrice, Orders.Freight
FROM 	Shippers INNER JOIN 
		(Products INNER JOIN 
			(
				(Employees INNER JOIN 
					(Customers INNER JOIN Orders ON Customers.CustomerID = Orders.CustomerID) 
				ON Employees.EmployeeID = Orders.EmployeeID) 
			INNER JOIN ""Order Details"" ON Orders.OrderID = ""Order Details"".OrderID) 
		ON Products.ProductID = ""Order Details"".ProductID) 
	ON Shippers.ShipperID = Orders.ShipVia
",OrderID,int,4,10,0,False,False
76,Invoices,"
create view Invoices AS
SELECT Orders.ShipName, Orders.ShipAddress, Orders.ShipCity, Orders.ShipRegion, Orders.ShipPostalCode, 
	Orders.ShipCountry, Orders.CustomerID, Customers.CompanyName AS CustomerName, Customers.Address, Customers.City, 
	Customers.Region, Customers.PostalCode, Customers.Country, 
	(FirstName + ' ' + LastName) AS Salesperson, 
	Orders.OrderID, Orders.OrderDate, Orders.RequiredDate, Orders.ShippedDate, Shippers.CompanyName As ShipperName, 
	""Order Details"".ProductID, Products.ProductName, ""Order Details"".UnitPrice, ""Order Details"".Quantity, 
	""Order Details"".Discount, 
	(CONVERT(money,(""Order Details"".UnitPrice*Quantity*(1-Discount)/100))*100) AS ExtendedPrice, Orders.Freight
FROM 	Shippers INNER JOIN 
		(Products INNER JOIN 
			(
				(Employees INNER JOIN 
					(Customers INNER JOIN Orders ON Customers.CustomerID = Orders.CustomerID) 
				ON Employees.EmployeeID = Orders.EmployeeID) 
			INNER JOIN ""Order Details"" ON Orders.OrderID = ""Order Details"".OrderID) 
		ON Products.ProductID = ""Order Details"".ProductID) 
	ON Shippers.ShipperID = Orders.ShipVia
",ProductID,int,4,10,0,False,False
77,Invoices,"
create view Invoices AS
SELECT Orders.ShipName, Orders.ShipAddress, Orders.ShipCity, Orders.ShipRegion, Orders.ShipPostalCode, 
	Orders.ShipCountry, Orders.CustomerID, Customers.CompanyName AS CustomerName, Customers.Address, Customers.City, 
	Customers.Region, Customers.PostalCode, Customers.Country, 
	(FirstName + ' ' + LastName) AS Salesperson, 
	Orders.OrderID, Orders.OrderDate, Orders.RequiredDate, Orders.ShippedDate, Shippers.CompanyName As ShipperName, 
	""Order Details"".ProductID, Products.ProductName, ""Order Details"".UnitPrice, ""Order Details"".Quantity, 
	""Order Details"".Discount, 
	(CONVERT(money,(""Order Details"".UnitPrice*Quantity*(1-Discount)/100))*100) AS ExtendedPrice, Orders.Freight
FROM 	Shippers INNER JOIN 
		(Products INNER JOIN 
			(
				(Employees INNER JOIN 
					(Customers INNER JOIN Orders ON Customers.CustomerID = Orders.CustomerID) 
				ON Employees.EmployeeID = Orders.EmployeeID) 
			INNER JOIN ""Order Details"" ON Orders.OrderID = ""Order Details"".OrderID) 
		ON Products.ProductID = ""Order Details"".ProductID) 
	ON Shippers.ShipperID = Orders.ShipVia
",Discount,real,4,24,0,False,False
78,Invoices,"
create view Invoices AS
SELECT Orders.ShipName, Orders.ShipAddress, Orders.ShipCity, Orders.ShipRegion, Orders.ShipPostalCode, 
	Orders.ShipCountry, Orders.CustomerID, Customers.CompanyName AS CustomerName, Customers.Address, Customers.City, 
	Customers.Region, Customers.PostalCode, Customers.Country, 
	(FirstName + ' ' + LastName) AS Salesperson, 
	Orders.OrderID, Orders.OrderDate, Orders.RequiredDate, Orders.ShippedDate, Shippers.CompanyName As ShipperName, 
	""Order Details"".ProductID, Products.ProductName, ""Order Details"".UnitPrice, ""Order Details"".Quantity, 
	""Order Details"".Discount, 
	(CONVERT(money,(""Order Details"".UnitPrice*Quantity*(1-Discount)/100))*100) AS ExtendedPrice, Orders.Freight
FROM 	Shippers INNER JOIN 
		(Products INNER JOIN 
			(
				(Employees INNER JOIN 
					(Customers INNER JOIN Orders ON Customers.CustomerID = Orders.CustomerID) 
				ON Employees.EmployeeID = Orders.EmployeeID) 
			INNER JOIN ""Order Details"" ON Orders.OrderID = ""Order Details"".OrderID) 
		ON Products.ProductID = ""Order Details"".ProductID) 
	ON Shippers.ShipperID = Orders.ShipVia
",UnitPrice,money,8,19,4,False,False
79,Invoices,"
create view Invoices AS
SELECT Orders.ShipName, Orders.ShipAddress, Orders.ShipCity, Orders.ShipRegion, Orders.ShipPostalCode, 
	Orders.ShipCountry, Orders.CustomerID, Customers.CompanyName AS CustomerName, Customers.Address, Customers.City, 
	Customers.Region, Customers.PostalCode, Customers.Country, 
	(FirstName + ' ' + LastName) AS Salesperson, 
	Orders.OrderID, Orders.OrderDate, Orders.RequiredDate, Orders.ShippedDate, Shippers.CompanyName As ShipperName, 
	""Order Details"".ProductID, Products.ProductName, ""Order Details"".UnitPrice, ""Order Details"".Quantity, 
	""Order Details"".Discount, 
	(CONVERT(money,(""Order Details"".UnitPrice*Quantity*(1-Discount)/100))*100) AS ExtendedPrice, Orders.Freight
FROM 	Shippers INNER JOIN 
		(Products INNER JOIN 
			(
				(Employees INNER JOIN 
					(Customers INNER JOIN Orders ON Customers.CustomerID = Orders.CustomerID) 
				ON Employees.EmployeeID = Orders.EmployeeID) 
			INNER JOIN ""Order Details"" ON Orders.OrderID = ""Order Details"".OrderID) 
		ON Products.ProductID = ""Order Details"".ProductID) 
	ON Shippers.ShipperID = Orders.ShipVia
",ExtendedPrice,money,8,19,4,True,False
80,Invoices,"
create view Invoices AS
SELECT Orders.ShipName, Orders.ShipAddress, Orders.ShipCity, Orders.ShipRegion, Orders.ShipPostalCode, 
	Orders.ShipCountry, Orders.CustomerID, Customers.CompanyName AS CustomerName, Customers.Address, Customers.City, 
	Customers.Region, Customers.PostalCode, Customers.Country, 
	(FirstName + ' ' + LastName) AS Salesperson, 
	Orders.OrderID, Orders.OrderDate, Orders.RequiredDate, Orders.ShippedDate, Shippers.CompanyName As ShipperName, 
	""Order Details"".ProductID, Products.ProductName, ""Order Details"".UnitPrice, ""Order Details"".Quantity, 
	""Order Details"".Discount, 
	(CONVERT(money,(""Order Details"".UnitPrice*Quantity*(1-Discount)/100))*100) AS ExtendedPrice, Orders.Freight
FROM 	Shippers INNER JOIN 
		(Products INNER JOIN 
			(
				(Employees INNER JOIN 
					(Customers INNER JOIN Orders ON Customers.CustomerID = Orders.CustomerID) 
				ON Employees.EmployeeID = Orders.EmployeeID) 
			INNER JOIN ""Order Details"" ON Orders.OrderID = ""Order Details"".OrderID) 
		ON Products.ProductID = ""Order Details"".ProductID) 
	ON Shippers.ShipperID = Orders.ShipVia
",Freight,money,8,19,4,True,False
81,Invoices,"
create view Invoices AS
SELECT Orders.ShipName, Orders.ShipAddress, Orders.ShipCity, Orders.ShipRegion, Orders.ShipPostalCode, 
	Orders.ShipCountry, Orders.CustomerID, Customers.CompanyName AS CustomerName, Customers.Address, Customers.City, 
	Customers.Region, Customers.PostalCode, Customers.Country, 
	(FirstName + ' ' + LastName) AS Salesperson, 
	Orders.OrderID, Orders.OrderDate, Orders.RequiredDate, Orders.ShippedDate, Shippers.CompanyName As ShipperName, 
	""Order Details"".ProductID, Products.ProductName, ""Order Details"".UnitPrice, ""Order Details"".Quantity, 
	""Order Details"".Discount, 
	(CONVERT(money,(""Order Details"".UnitPrice*Quantity*(1-Discount)/100))*100) AS ExtendedPrice, Orders.Freight
FROM 	Shippers INNER JOIN 
		(Products INNER JOIN 
			(
				(Employees INNER JOIN 
					(Customers INNER JOIN Orders ON Customers.CustomerID = Orders.CustomerID) 
				ON Employees.EmployeeID = Orders.EmployeeID) 
			INNER JOIN ""Order Details"" ON Orders.OrderID = ""Order Details"".OrderID) 
		ON Products.ProductID = ""Order Details"".ProductID) 
	ON Shippers.ShipperID = Orders.ShipVia
",OrderDate,datetime,8,23,3,True,False
82,Invoices,"
create view Invoices AS
SELECT Orders.ShipName, Orders.ShipAddress, Orders.ShipCity, Orders.ShipRegion, Orders.ShipPostalCode, 
	Orders.ShipCountry, Orders.CustomerID, Customers.CompanyName AS CustomerName, Customers.Address, Customers.City, 
	Customers.Region, Customers.PostalCode, Customers.Country, 
	(FirstName + ' ' + LastName) AS Salesperson, 
	Orders.OrderID, Orders.OrderDate, Orders.RequiredDate, Orders.ShippedDate, Shippers.CompanyName As ShipperName, 
	""Order Details"".ProductID, Products.ProductName, ""Order Details"".UnitPrice, ""Order Details"".Quantity, 
	""Order Details"".Discount, 
	(CONVERT(money,(""Order Details"".UnitPrice*Quantity*(1-Discount)/100))*100) AS ExtendedPrice, Orders.Freight
FROM 	Shippers INNER JOIN 
		(Products INNER JOIN 
			(
				(Employees INNER JOIN 
					(Customers INNER JOIN Orders ON Customers.CustomerID = Orders.CustomerID) 
				ON Employees.EmployeeID = Orders.EmployeeID) 
			INNER JOIN ""Order Details"" ON Orders.OrderID = ""Order Details"".OrderID) 
		ON Products.ProductID = ""Order Details"".ProductID) 
	ON Shippers.ShipperID = Orders.ShipVia
",RequiredDate,datetime,8,23,3,True,False
83,Invoices,"
create view Invoices AS
SELECT Orders.ShipName, Orders.ShipAddress, Orders.ShipCity, Orders.ShipRegion, Orders.ShipPostalCode, 
	Orders.ShipCountry, Orders.CustomerID, Customers.CompanyName AS CustomerName, Customers.Address, Customers.City, 
	Customers.Region, Customers.PostalCode, Customers.Country, 
	(FirstName + ' ' + LastName) AS Salesperson, 
	Orders.OrderID, Orders.OrderDate, Orders.RequiredDate, Orders.ShippedDate, Shippers.CompanyName As ShipperName, 
	""Order Details"".ProductID, Products.ProductName, ""Order Details"".UnitPrice, ""Order Details"".Quantity, 
	""Order Details"".Discount, 
	(CONVERT(money,(""Order Details"".UnitPrice*Quantity*(1-Discount)/100))*100) AS ExtendedPrice, Orders.Freight
FROM 	Shippers INNER JOIN 
		(Products INNER JOIN 
			(
				(Employees INNER JOIN 
					(Customers INNER JOIN Orders ON Customers.CustomerID = Orders.CustomerID) 
				ON Employees.EmployeeID = Orders.EmployeeID) 
			INNER JOIN ""Order Details"" ON Orders.OrderID = ""Order Details"".OrderID) 
		ON Products.ProductID = ""Order Details"".ProductID) 
	ON Shippers.ShipperID = Orders.ShipVia
",ShippedDate,datetime,8,23,3,True,False
84,Invoices,"
create view Invoices AS
SELECT Orders.ShipName, Orders.ShipAddress, Orders.ShipCity, Orders.ShipRegion, Orders.ShipPostalCode, 
	Orders.ShipCountry, Orders.CustomerID, Customers.CompanyName AS CustomerName, Customers.Address, Customers.City, 
	Customers.Region, Customers.PostalCode, Customers.Country, 
	(FirstName + ' ' + LastName) AS Salesperson, 
	Orders.OrderID, Orders.OrderDate, Orders.RequiredDate, Orders.ShippedDate, Shippers.CompanyName As ShipperName, 
	""Order Details"".ProductID, Products.ProductName, ""Order Details"".UnitPrice, ""Order Details"".Quantity, 
	""Order Details"".Discount, 
	(CONVERT(money,(""Order Details"".UnitPrice*Quantity*(1-Discount)/100))*100) AS ExtendedPrice, Orders.Freight
FROM 	Shippers INNER JOIN 
		(Products INNER JOIN 
			(
				(Employees INNER JOIN 
					(Customers INNER JOIN Orders ON Customers.CustomerID = Orders.CustomerID) 
				ON Employees.EmployeeID = Orders.EmployeeID) 
			INNER JOIN ""Order Details"" ON Orders.OrderID = ""Order Details"".OrderID) 
		ON Products.ProductID = ""Order Details"".ProductID) 
	ON Shippers.ShipperID = Orders.ShipVia
",ShipName,nvarchar,80,0,0,True,False
85,Invoices,"
create view Invoices AS
SELECT Orders.ShipName, Orders.ShipAddress, Orders.ShipCity, Orders.ShipRegion, Orders.ShipPostalCode, 
	Orders.ShipCountry, Orders.CustomerID, Customers.CompanyName AS CustomerName, Customers.Address, Customers.City, 
	Customers.Region, Customers.PostalCode, Customers.Country, 
	(FirstName + ' ' + LastName) AS Salesperson, 
	Orders.OrderID, Orders.OrderDate, Orders.RequiredDate, Orders.ShippedDate, Shippers.CompanyName As ShipperName, 
	""Order Details"".ProductID, Products.ProductName, ""Order Details"".UnitPrice, ""Order Details"".Quantity, 
	""Order Details"".Discount, 
	(CONVERT(money,(""Order Details"".UnitPrice*Quantity*(1-Discount)/100))*100) AS ExtendedPrice, Orders.Freight
FROM 	Shippers INNER JOIN 
		(Products INNER JOIN 
			(
				(Employees INNER JOIN 
					(Customers INNER JOIN Orders ON Customers.CustomerID = Orders.CustomerID) 
				ON Employees.EmployeeID = Orders.EmployeeID) 
			INNER JOIN ""Order Details"" ON Orders.OrderID = ""Order Details"".OrderID) 
		ON Products.ProductID = ""Order Details"".ProductID) 
	ON Shippers.ShipperID = Orders.ShipVia
",ShipAddress,nvarchar,120,0,0,True,False
86,Invoices,"
create view Invoices AS
SELECT Orders.ShipName, Orders.ShipAddress, Orders.ShipCity, Orders.ShipRegion, Orders.ShipPostalCode, 
	Orders.ShipCountry, Orders.CustomerID, Customers.CompanyName AS CustomerName, Customers.Address, Customers.City, 
	Customers.Region, Customers.PostalCode, Customers.Country, 
	(FirstName + ' ' + LastName) AS Salesperson, 
	Orders.OrderID, Orders.OrderDate, Orders.RequiredDate, Orders.ShippedDate, Shippers.CompanyName As ShipperName, 
	""Order Details"".ProductID, Products.ProductName, ""Order Details"".UnitPrice, ""Order Details"".Quantity, 
	""Order Details"".Discount, 
	(CONVERT(money,(""Order Details"".UnitPrice*Quantity*(1-Discount)/100))*100) AS ExtendedPrice, Orders.Freight
FROM 	Shippers INNER JOIN 
		(Products INNER JOIN 
			(
				(Employees INNER JOIN 
					(Customers INNER JOIN Orders ON Customers.CustomerID = Orders.CustomerID) 
				ON Employees.EmployeeID = Orders.EmployeeID) 
			INNER JOIN ""Order Details"" ON Orders.OrderID = ""Order Details"".OrderID) 
		ON Products.ProductID = ""Order Details"".ProductID) 
	ON Shippers.ShipperID = Orders.ShipVia
",ShipCity,nvarchar,30,0,0,True,False
87,Invoices,"
create view Invoices AS
SELECT Orders.ShipName, Orders.ShipAddress, Orders.ShipCity, Orders.ShipRegion, Orders.ShipPostalCode, 
	Orders.ShipCountry, Orders.CustomerID, Customers.CompanyName AS CustomerName, Customers.Address, Customers.City, 
	Customers.Region, Customers.PostalCode, Customers.Country, 
	(FirstName + ' ' + LastName) AS Salesperson, 
	Orders.OrderID, Orders.OrderDate, Orders.RequiredDate, Orders.ShippedDate, Shippers.CompanyName As ShipperName, 
	""Order Details"".ProductID, Products.ProductName, ""Order Details"".UnitPrice, ""Order Details"".Quantity, 
	""Order Details"".Discount, 
	(CONVERT(money,(""Order Details"".UnitPrice*Quantity*(1-Discount)/100))*100) AS ExtendedPrice, Orders.Freight
FROM 	Shippers INNER JOIN 
		(Products INNER JOIN 
			(
				(Employees INNER JOIN 
					(Customers INNER JOIN Orders ON Customers.CustomerID = Orders.CustomerID) 
				ON Employees.EmployeeID = Orders.EmployeeID) 
			INNER JOIN ""Order Details"" ON Orders.OrderID = ""Order Details"".OrderID) 
		ON Products.ProductID = ""Order Details"".ProductID) 
	ON Shippers.ShipperID = Orders.ShipVia
",ShipRegion,nvarchar,30,0,0,True,False
88,Invoices,"
create view Invoices AS
SELECT Orders.ShipName, Orders.ShipAddress, Orders.ShipCity, Orders.ShipRegion, Orders.ShipPostalCode, 
	Orders.ShipCountry, Orders.CustomerID, Customers.CompanyName AS CustomerName, Customers.Address, Customers.City, 
	Customers.Region, Customers.PostalCode, Customers.Country, 
	(FirstName + ' ' + LastName) AS Salesperson, 
	Orders.OrderID, Orders.OrderDate, Orders.RequiredDate, Orders.ShippedDate, Shippers.CompanyName As ShipperName, 
	""Order Details"".ProductID, Products.ProductName, ""Order Details"".UnitPrice, ""Order Details"".Quantity, 
	""Order Details"".Discount, 
	(CONVERT(money,(""Order Details"".UnitPrice*Quantity*(1-Discount)/100))*100) AS ExtendedPrice, Orders.Freight
FROM 	Shippers INNER JOIN 
		(Products INNER JOIN 
			(
				(Employees INNER JOIN 
					(Customers INNER JOIN Orders ON Customers.CustomerID = Orders.CustomerID) 
				ON Employees.EmployeeID = Orders.EmployeeID) 
			INNER JOIN ""Order Details"" ON Orders.OrderID = ""Order Details"".OrderID) 
		ON Products.ProductID = ""Order Details"".ProductID) 
	ON Shippers.ShipperID = Orders.ShipVia
",ShipPostalCode,nvarchar,20,0,0,True,False
89,Invoices,"
create view Invoices AS
SELECT Orders.ShipName, Orders.ShipAddress, Orders.ShipCity, Orders.ShipRegion, Orders.ShipPostalCode, 
	Orders.ShipCountry, Orders.CustomerID, Customers.CompanyName AS CustomerName, Customers.Address, Customers.City, 
	Customers.Region, Customers.PostalCode, Customers.Country, 
	(FirstName + ' ' + LastName) AS Salesperson, 
	Orders.OrderID, Orders.OrderDate, Orders.RequiredDate, Orders.ShippedDate, Shippers.CompanyName As ShipperName, 
	""Order Details"".ProductID, Products.ProductName, ""Order Details"".UnitPrice, ""Order Details"".Quantity, 
	""Order Details"".Discount, 
	(CONVERT(money,(""Order Details"".UnitPrice*Quantity*(1-Discount)/100))*100) AS ExtendedPrice, Orders.Freight
FROM 	Shippers INNER JOIN 
		(Products INNER JOIN 
			(
				(Employees INNER JOIN 
					(Customers INNER JOIN Orders ON Customers.CustomerID = Orders.CustomerID) 
				ON Employees.EmployeeID = Orders.EmployeeID) 
			INNER JOIN ""Order Details"" ON Orders.OrderID = ""Order Details"".OrderID) 
		ON Products.ProductID = ""Order Details"".ProductID) 
	ON Shippers.ShipperID = Orders.ShipVia
",ShipCountry,nvarchar,30,0,0,True,False
90,Invoices,"
create view Invoices AS
SELECT Orders.ShipName, Orders.ShipAddress, Orders.ShipCity, Orders.ShipRegion, Orders.ShipPostalCode, 
	Orders.ShipCountry, Orders.CustomerID, Customers.CompanyName AS CustomerName, Customers.Address, Customers.City, 
	Customers.Region, Customers.PostalCode, Customers.Country, 
	(FirstName + ' ' + LastName) AS Salesperson, 
	Orders.OrderID, Orders.OrderDate, Orders.RequiredDate, Orders.ShippedDate, Shippers.CompanyName As ShipperName, 
	""Order Details"".ProductID, Products.ProductName, ""Order Details"".UnitPrice, ""Order Details"".Quantity, 
	""Order Details"".Discount, 
	(CONVERT(money,(""Order Details"".UnitPrice*Quantity*(1-Discount)/100))*100) AS ExtendedPrice, Orders.Freight
FROM 	Shippers INNER JOIN 
		(Products INNER JOIN 
			(
				(Employees INNER JOIN 
					(Customers INNER JOIN Orders ON Customers.CustomerID = Orders.CustomerID) 
				ON Employees.EmployeeID = Orders.EmployeeID) 
			INNER JOIN ""Order Details"" ON Orders.OrderID = ""Order Details"".OrderID) 
		ON Products.ProductID = ""Order Details"".ProductID) 
	ON Shippers.ShipperID = Orders.ShipVia
",Salesperson,nvarchar,62,0,0,False,False
91,Invoices,"
create view Invoices AS
SELECT Orders.ShipName, Orders.ShipAddress, Orders.ShipCity, Orders.ShipRegion, Orders.ShipPostalCode, 
	Orders.ShipCountry, Orders.CustomerID, Customers.CompanyName AS CustomerName, Customers.Address, Customers.City, 
	Customers.Region, Customers.PostalCode, Customers.Country, 
	(FirstName + ' ' + LastName) AS Salesperson, 
	Orders.OrderID, Orders.OrderDate, Orders.RequiredDate, Orders.ShippedDate, Shippers.CompanyName As ShipperName, 
	""Order Details"".ProductID, Products.ProductName, ""Order Details"".UnitPrice, ""Order Details"".Quantity, 
	""Order Details"".Discount, 
	(CONVERT(money,(""Order Details"".UnitPrice*Quantity*(1-Discount)/100))*100) AS ExtendedPrice, Orders.Freight
FROM 	Shippers INNER JOIN 
		(Products INNER JOIN 
			(
				(Employees INNER JOIN 
					(Customers INNER JOIN Orders ON Customers.CustomerID = Orders.CustomerID) 
				ON Employees.EmployeeID = Orders.EmployeeID) 
			INNER JOIN ""Order Details"" ON Orders.OrderID = ""Order Details"".OrderID) 
		ON Products.ProductID = ""Order Details"".ProductID) 
	ON Shippers.ShipperID = Orders.ShipVia
",ShipperName,nvarchar,80,0,0,False,False
92,Invoices,"
create view Invoices AS
SELECT Orders.ShipName, Orders.ShipAddress, Orders.ShipCity, Orders.ShipRegion, Orders.ShipPostalCode, 
	Orders.ShipCountry, Orders.CustomerID, Customers.CompanyName AS CustomerName, Customers.Address, Customers.City, 
	Customers.Region, Customers.PostalCode, Customers.Country, 
	(FirstName + ' ' + LastName) AS Salesperson, 
	Orders.OrderID, Orders.OrderDate, Orders.RequiredDate, Orders.ShippedDate, Shippers.CompanyName As ShipperName, 
	""Order Details"".ProductID, Products.ProductName, ""Order Details"".UnitPrice, ""Order Details"".Quantity, 
	""Order Details"".Discount, 
	(CONVERT(money,(""Order Details"".UnitPrice*Quantity*(1-Discount)/100))*100) AS ExtendedPrice, Orders.Freight
FROM 	Shippers INNER JOIN 
		(Products INNER JOIN 
			(
				(Employees INNER JOIN 
					(Customers INNER JOIN Orders ON Customers.CustomerID = Orders.CustomerID) 
				ON Employees.EmployeeID = Orders.EmployeeID) 
			INNER JOIN ""Order Details"" ON Orders.OrderID = ""Order Details"".OrderID) 
		ON Products.ProductID = ""Order Details"".ProductID) 
	ON Shippers.ShipperID = Orders.ShipVia
",ProductName,nvarchar,80,0,0,False,False
93,Invoices,"
create view Invoices AS
SELECT Orders.ShipName, Orders.ShipAddress, Orders.ShipCity, Orders.ShipRegion, Orders.ShipPostalCode, 
	Orders.ShipCountry, Orders.CustomerID, Customers.CompanyName AS CustomerName, Customers.Address, Customers.City, 
	Customers.Region, Customers.PostalCode, Customers.Country, 
	(FirstName + ' ' + LastName) AS Salesperson, 
	Orders.OrderID, Orders.OrderDate, Orders.RequiredDate, Orders.ShippedDate, Shippers.CompanyName As ShipperName, 
	""Order Details"".ProductID, Products.ProductName, ""Order Details"".UnitPrice, ""Order Details"".Quantity, 
	""Order Details"".Discount, 
	(CONVERT(money,(""Order Details"".UnitPrice*Quantity*(1-Discount)/100))*100) AS ExtendedPrice, Orders.Freight
FROM 	Shippers INNER JOIN 
		(Products INNER JOIN 
			(
				(Employees INNER JOIN 
					(Customers INNER JOIN Orders ON Customers.CustomerID = Orders.CustomerID) 
				ON Employees.EmployeeID = Orders.EmployeeID) 
			INNER JOIN ""Order Details"" ON Orders.OrderID = ""Order Details"".OrderID) 
		ON Products.ProductID = ""Order Details"".ProductID) 
	ON Shippers.ShipperID = Orders.ShipVia
",CustomerName,nvarchar,80,0,0,False,False
94,Invoices,"
create view Invoices AS
SELECT Orders.ShipName, Orders.ShipAddress, Orders.ShipCity, Orders.ShipRegion, Orders.ShipPostalCode, 
	Orders.ShipCountry, Orders.CustomerID, Customers.CompanyName AS CustomerName, Customers.Address, Customers.City, 
	Customers.Region, Customers.PostalCode, Customers.Country, 
	(FirstName + ' ' + LastName) AS Salesperson, 
	Orders.OrderID, Orders.OrderDate, Orders.RequiredDate, Orders.ShippedDate, Shippers.CompanyName As ShipperName, 
	""Order Details"".ProductID, Products.ProductName, ""Order Details"".UnitPrice, ""Order Details"".Quantity, 
	""Order Details"".Discount, 
	(CONVERT(money,(""Order Details"".UnitPrice*Quantity*(1-Discount)/100))*100) AS ExtendedPrice, Orders.Freight
FROM 	Shippers INNER JOIN 
		(Products INNER JOIN 
			(
				(Employees INNER JOIN 
					(Customers INNER JOIN Orders ON Customers.CustomerID = Orders.CustomerID) 
				ON Employees.EmployeeID = Orders.EmployeeID) 
			INNER JOIN ""Order Details"" ON Orders.OrderID = ""Order Details"".OrderID) 
		ON Products.ProductID = ""Order Details"".ProductID) 
	ON Shippers.ShipperID = Orders.ShipVia
",Address,nvarchar,120,0,0,True,False
95,Invoices,"
create view Invoices AS
SELECT Orders.ShipName, Orders.ShipAddress, Orders.ShipCity, Orders.ShipRegion, Orders.ShipPostalCode, 
	Orders.ShipCountry, Orders.CustomerID, Customers.CompanyName AS CustomerName, Customers.Address, Customers.City, 
	Customers.Region, Customers.PostalCode, Customers.Country, 
	(FirstName + ' ' + LastName) AS Salesperson, 
	Orders.OrderID, Orders.OrderDate, Orders.RequiredDate, Orders.ShippedDate, Shippers.CompanyName As ShipperName, 
	""Order Details"".ProductID, Products.ProductName, ""Order Details"".UnitPrice, ""Order Details"".Quantity, 
	""Order Details"".Discount, 
	(CONVERT(money,(""Order Details"".UnitPrice*Quantity*(1-Discount)/100))*100) AS ExtendedPrice, Orders.Freight
FROM 	Shippers INNER JOIN 
		(Products INNER JOIN 
			(
				(Employees INNER JOIN 
					(Customers INNER JOIN Orders ON Customers.CustomerID = Orders.CustomerID) 
				ON Employees.EmployeeID = Orders.EmployeeID) 
			INNER JOIN ""Order Details"" ON Orders.OrderID = ""Order Details"".OrderID) 
		ON Products.ProductID = ""Order Details"".ProductID) 
	ON Shippers.ShipperID = Orders.ShipVia
",City,nvarchar,30,0,0,True,False
96,Invoices,"
create view Invoices AS
SELECT Orders.ShipName, Orders.ShipAddress, Orders.ShipCity, Orders.ShipRegion, Orders.ShipPostalCode, 
	Orders.ShipCountry, Orders.CustomerID, Customers.CompanyName AS CustomerName, Customers.Address, Customers.City, 
	Customers.Region, Customers.PostalCode, Customers.Country, 
	(FirstName + ' ' + LastName) AS Salesperson, 
	Orders.OrderID, Orders.OrderDate, Orders.RequiredDate, Orders.ShippedDate, Shippers.CompanyName As ShipperName, 
	""Order Details"".ProductID, Products.ProductName, ""Order Details"".UnitPrice, ""Order Details"".Quantity, 
	""Order Details"".Discount, 
	(CONVERT(money,(""Order Details"".UnitPrice*Quantity*(1-Discount)/100))*100) AS ExtendedPrice, Orders.Freight
FROM 	Shippers INNER JOIN 
		(Products INNER JOIN 
			(
				(Employees INNER JOIN 
					(Customers INNER JOIN Orders ON Customers.CustomerID = Orders.CustomerID) 
				ON Employees.EmployeeID = Orders.EmployeeID) 
			INNER JOIN ""Order Details"" ON Orders.OrderID = ""Order Details"".OrderID) 
		ON Products.ProductID = ""Order Details"".ProductID) 
	ON Shippers.ShipperID = Orders.ShipVia
",Region,nvarchar,30,0,0,True,False
97,Invoices,"
create view Invoices AS
SELECT Orders.ShipName, Orders.ShipAddress, Orders.ShipCity, Orders.ShipRegion, Orders.ShipPostalCode, 
	Orders.ShipCountry, Orders.CustomerID, Customers.CompanyName AS CustomerName, Customers.Address, Customers.City, 
	Customers.Region, Customers.PostalCode, Customers.Country, 
	(FirstName + ' ' + LastName) AS Salesperson, 
	Orders.OrderID, Orders.OrderDate, Orders.RequiredDate, Orders.ShippedDate, Shippers.CompanyName As ShipperName, 
	""Order Details"".ProductID, Products.ProductName, ""Order Details"".UnitPrice, ""Order Details"".Quantity, 
	""Order Details"".Discount, 
	(CONVERT(money,(""Order Details"".UnitPrice*Quantity*(1-Discount)/100))*100) AS ExtendedPrice, Orders.Freight
FROM 	Shippers INNER JOIN 
		(Products INNER JOIN 
			(
				(Employees INNER JOIN 
					(Customers INNER JOIN Orders ON Customers.CustomerID = Orders.CustomerID) 
				ON Employees.EmployeeID = Orders.EmployeeID) 
			INNER JOIN ""Order Details"" ON Orders.OrderID = ""Order Details"".OrderID) 
		ON Products.ProductID = ""Order Details"".ProductID) 
	ON Shippers.ShipperID = Orders.ShipVia
",PostalCode,nvarchar,20,0,0,True,False
98,Invoices,"
create view Invoices AS
SELECT Orders.ShipName, Orders.ShipAddress, Orders.ShipCity, Orders.ShipRegion, Orders.ShipPostalCode, 
	Orders.ShipCountry, Orders.CustomerID, Customers.CompanyName AS CustomerName, Customers.Address, Customers.City, 
	Customers.Region, Customers.PostalCode, Customers.Country, 
	(FirstName + ' ' + LastName) AS Salesperson, 
	Orders.OrderID, Orders.OrderDate, Orders.RequiredDate, Orders.ShippedDate, Shippers.CompanyName As ShipperName, 
	""Order Details"".ProductID, Products.ProductName, ""Order Details"".UnitPrice, ""Order Details"".Quantity, 
	""Order Details"".Discount, 
	(CONVERT(money,(""Order Details"".UnitPrice*Quantity*(1-Discount)/100))*100) AS ExtendedPrice, Orders.Freight
FROM 	Shippers INNER JOIN 
		(Products INNER JOIN 
			(
				(Employees INNER JOIN 
					(Customers INNER JOIN Orders ON Customers.CustomerID = Orders.CustomerID) 
				ON Employees.EmployeeID = Orders.EmployeeID) 
			INNER JOIN ""Order Details"" ON Orders.OrderID = ""Order Details"".OrderID) 
		ON Products.ProductID = ""Order Details"".ProductID) 
	ON Shippers.ShipperID = Orders.ShipVia
",Country,nvarchar,30,0,0,True,False
99,Invoices,"
create view Invoices AS
SELECT Orders.ShipName, Orders.ShipAddress, Orders.ShipCity, Orders.ShipRegion, Orders.ShipPostalCode, 
	Orders.ShipCountry, Orders.CustomerID, Customers.CompanyName AS CustomerName, Customers.Address, Customers.City, 
	Customers.Region, Customers.PostalCode, Customers.Country, 
	(FirstName + ' ' + LastName) AS Salesperson, 
	Orders.OrderID, Orders.OrderDate, Orders.RequiredDate, Orders.ShippedDate, Shippers.CompanyName As ShipperName, 
	""Order Details"".ProductID, Products.ProductName, ""Order Details"".UnitPrice, ""Order Details"".Quantity, 
	""Order Details"".Discount, 
	(CONVERT(money,(""Order Details"".UnitPrice*Quantity*(1-Discount)/100))*100) AS ExtendedPrice, Orders.Freight
FROM 	Shippers INNER JOIN 
		(Products INNER JOIN 
			(
				(Employees INNER JOIN 
					(Customers INNER JOIN Orders ON Customers.CustomerID = Orders.CustomerID) 
				ON Employees.EmployeeID = Orders.EmployeeID) 
			INNER JOIN ""Order Details"" ON Orders.OrderID = ""Order Details"".OrderID) 
		ON Products.ProductID = ""Order Details"".ProductID) 
	ON Shippers.ShipperID = Orders.ShipVia
",CustomerID,nchar,10,0,0,True,False
100,Invoices,"
create view Invoices AS
SELECT Orders.ShipName, Orders.ShipAddress, Orders.ShipCity, Orders.ShipRegion, Orders.ShipPostalCode, 
	Orders.ShipCountry, Orders.CustomerID, Customers.CompanyName AS CustomerName, Customers.Address, Customers.City, 
	Customers.Region, Customers.PostalCode, Customers.Country, 
	(FirstName + ' ' + LastName) AS Salesperson, 
	Orders.OrderID, Orders.OrderDate, Orders.RequiredDate, Orders.ShippedDate, Shippers.CompanyName As ShipperName, 
	""Order Details"".ProductID, Products.ProductName, ""Order Details"".UnitPrice, ""Order Details"".Quantity, 
	""Order Details"".Discount, 
	(CONVERT(money,(""Order Details"".UnitPrice*Quantity*(1-Discount)/100))*100) AS ExtendedPrice, Orders.Freight
FROM 	Shippers INNER JOIN 
		(Products INNER JOIN 
			(
				(Employees INNER JOIN 
					(Customers INNER JOIN Orders ON Customers.CustomerID = Orders.CustomerID) 
				ON Employees.EmployeeID = Orders.EmployeeID) 
			INNER JOIN ""Order Details"" ON Orders.OrderID = ""Order Details"".OrderID) 
		ON Products.ProductID = ""Order Details"".ProductID) 
	ON Shippers.ShipperID = Orders.ShipVia
",ShipName,sysname,80,0,0,True,False
101,Invoices,"
create view Invoices AS
SELECT Orders.ShipName, Orders.ShipAddress, Orders.ShipCity, Orders.ShipRegion, Orders.ShipPostalCode, 
	Orders.ShipCountry, Orders.CustomerID, Customers.CompanyName AS CustomerName, Customers.Address, Customers.City, 
	Customers.Region, Customers.PostalCode, Customers.Country, 
	(FirstName + ' ' + LastName) AS Salesperson, 
	Orders.OrderID, Orders.OrderDate, Orders.RequiredDate, Orders.ShippedDate, Shippers.CompanyName As ShipperName, 
	""Order Details"".ProductID, Products.ProductName, ""Order Details"".UnitPrice, ""Order Details"".Quantity, 
	""Order Details"".Discount, 
	(CONVERT(money,(""Order Details"".UnitPrice*Quantity*(1-Discount)/100))*100) AS ExtendedPrice, Orders.Freight
FROM 	Shippers INNER JOIN 
		(Products INNER JOIN 
			(
				(Employees INNER JOIN 
					(Customers INNER JOIN Orders ON Customers.CustomerID = Orders.CustomerID) 
				ON Employees.EmployeeID = Orders.EmployeeID) 
			INNER JOIN ""Order Details"" ON Orders.OrderID = ""Order Details"".OrderID) 
		ON Products.ProductID = ""Order Details"".ProductID) 
	ON Shippers.ShipperID = Orders.ShipVia
",ShipAddress,sysname,120,0,0,True,False
102,Invoices,"
create view Invoices AS
SELECT Orders.ShipName, Orders.ShipAddress, Orders.ShipCity, Orders.ShipRegion, Orders.ShipPostalCode, 
	Orders.ShipCountry, Orders.CustomerID, Customers.CompanyName AS CustomerName, Customers.Address, Customers.City, 
	Customers.Region, Customers.PostalCode, Customers.Country, 
	(FirstName + ' ' + LastName) AS Salesperson, 
	Orders.OrderID, Orders.OrderDate, Orders.RequiredDate, Orders.ShippedDate, Shippers.CompanyName As ShipperName, 
	""Order Details"".ProductID, Products.ProductName, ""Order Details"".UnitPrice, ""Order Details"".Quantity, 
	""Order Details"".Discount, 
	(CONVERT(money,(""Order Details"".UnitPrice*Quantity*(1-Discount)/100))*100) AS ExtendedPrice, Orders.Freight
FROM 	Shippers INNER JOIN 
		(Products INNER JOIN 
			(
				(Employees INNER JOIN 
					(Customers INNER JOIN Orders ON Customers.CustomerID = Orders.CustomerID) 
				ON Employees.EmployeeID = Orders.EmployeeID) 
			INNER JOIN ""Order Details"" ON Orders.OrderID = ""Order Details"".OrderID) 
		ON Products.ProductID = ""Order Details"".ProductID) 
	ON Shippers.ShipperID = Orders.ShipVia
",ShipCity,sysname,30,0,0,True,False
103,Invoices,"
create view Invoices AS
SELECT Orders.ShipName, Orders.ShipAddress, Orders.ShipCity, Orders.ShipRegion, Orders.ShipPostalCode, 
	Orders.ShipCountry, Orders.CustomerID, Customers.CompanyName AS CustomerName, Customers.Address, Customers.City, 
	Customers.Region, Customers.PostalCode, Customers.Country, 
	(FirstName + ' ' + LastName) AS Salesperson, 
	Orders.OrderID, Orders.OrderDate, Orders.RequiredDate, Orders.ShippedDate, Shippers.CompanyName As ShipperName, 
	""Order Details"".ProductID, Products.ProductName, ""Order Details"".UnitPrice, ""Order Details"".Quantity, 
	""Order Details"".Discount, 
	(CONVERT(money,(""Order Details"".UnitPrice*Quantity*(1-Discount)/100))*100) AS ExtendedPrice, Orders.Freight
FROM 	Shippers INNER JOIN 
		(Products INNER JOIN 
			(
				(Employees INNER JOIN 
					(Customers INNER JOIN Orders ON Customers.CustomerID = Orders.CustomerID) 
				ON Employees.EmployeeID = Orders.EmployeeID) 
			INNER JOIN ""Order Details"" ON Orders.OrderID = ""Order Details"".OrderID) 
		ON Products.ProductID = ""Order Details"".ProductID) 
	ON Shippers.ShipperID = Orders.ShipVia
",ShipRegion,sysname,30,0,0,True,False
104,Invoices,"
create view Invoices AS
SELECT Orders.ShipName, Orders.ShipAddress, Orders.ShipCity, Orders.ShipRegion, Orders.ShipPostalCode, 
	Orders.ShipCountry, Orders.CustomerID, Customers.CompanyName AS CustomerName, Customers.Address, Customers.City, 
	Customers.Region, Customers.PostalCode, Customers.Country, 
	(FirstName + ' ' + LastName) AS Salesperson, 
	Orders.OrderID, Orders.OrderDate, Orders.RequiredDate, Orders.ShippedDate, Shippers.CompanyName As ShipperName, 
	""Order Details"".ProductID, Products.ProductName, ""Order Details"".UnitPrice, ""Order Details"".Quantity, 
	""Order Details"".Discount, 
	(CONVERT(money,(""Order Details"".UnitPrice*Quantity*(1-Discount)/100))*100) AS ExtendedPrice, Orders.Freight
FROM 	Shippers INNER JOIN 
		(Products INNER JOIN 
			(
				(Employees INNER JOIN 
					(Customers INNER JOIN Orders ON Customers.CustomerID = Orders.CustomerID) 
				ON Employees.EmployeeID = Orders.EmployeeID) 
			INNER JOIN ""Order Details"" ON Orders.OrderID = ""Order Details"".OrderID) 
		ON Products.ProductID = ""Order Details"".ProductID) 
	ON Shippers.ShipperID = Orders.ShipVia
",ShipPostalCode,sysname,20,0,0,True,False
105,Invoices,"
create view Invoices AS
SELECT Orders.ShipName, Orders.ShipAddress, Orders.ShipCity, Orders.ShipRegion, Orders.ShipPostalCode, 
	Orders.ShipCountry, Orders.CustomerID, Customers.CompanyName AS CustomerName, Customers.Address, Customers.City, 
	Customers.Region, Customers.PostalCode, Customers.Country, 
	(FirstName + ' ' + LastName) AS Salesperson, 
	Orders.OrderID, Orders.OrderDate, Orders.RequiredDate, Orders.ShippedDate, Shippers.CompanyName As ShipperName, 
	""Order Details"".ProductID, Products.ProductName, ""Order Details"".UnitPrice, ""Order Details"".Quantity, 
	""Order Details"".Discount, 
	(CONVERT(money,(""Order Details"".UnitPrice*Quantity*(1-Discount)/100))*100) AS ExtendedPrice, Orders.Freight
FROM 	Shippers INNER JOIN 
		(Products INNER JOIN 
			(
				(Employees INNER JOIN 
					(Customers INNER JOIN Orders ON Customers.CustomerID = Orders.CustomerID) 
				ON Employees.EmployeeID = Orders.EmployeeID) 
			INNER JOIN ""Order Details"" ON Orders.OrderID = ""Order Details"".OrderID) 
		ON Products.ProductID = ""Order Details"".ProductID) 
	ON Shippers.ShipperID = Orders.ShipVia
",ShipCountry,sysname,30,0,0,True,False
106,Invoices,"
create view Invoices AS
SELECT Orders.ShipName, Orders.ShipAddress, Orders.ShipCity, Orders.ShipRegion, Orders.ShipPostalCode, 
	Orders.ShipCountry, Orders.CustomerID, Customers.CompanyName AS CustomerName, Customers.Address, Customers.City, 
	Customers.Region, Customers.PostalCode, Customers.Country, 
	(FirstName + ' ' + LastName) AS Salesperson, 
	Orders.OrderID, Orders.OrderDate, Orders.RequiredDate, Orders.ShippedDate, Shippers.CompanyName As ShipperName, 
	""Order Details"".ProductID, Products.ProductName, ""Order Details"".UnitPrice, ""Order Details"".Quantity, 
	""Order Details"".Discount, 
	(CONVERT(money,(""Order Details"".UnitPrice*Quantity*(1-Discount)/100))*100) AS ExtendedPrice, Orders.Freight
FROM 	Shippers INNER JOIN 
		(Products INNER JOIN 
			(
				(Employees INNER JOIN 
					(Customers INNER JOIN Orders ON Customers.CustomerID = Orders.CustomerID) 
				ON Employees.EmployeeID = Orders.EmployeeID) 
			INNER JOIN ""Order Details"" ON Orders.OrderID = ""Order Details"".OrderID) 
		ON Products.ProductID = ""Order Details"".ProductID) 
	ON Shippers.ShipperID = Orders.ShipVia
",Salesperson,sysname,62,0,0,False,False
107,Invoices,"
create view Invoices AS
SELECT Orders.ShipName, Orders.ShipAddress, Orders.ShipCity, Orders.ShipRegion, Orders.ShipPostalCode, 
	Orders.ShipCountry, Orders.CustomerID, Customers.CompanyName AS CustomerName, Customers.Address, Customers.City, 
	Customers.Region, Customers.PostalCode, Customers.Country, 
	(FirstName + ' ' + LastName) AS Salesperson, 
	Orders.OrderID, Orders.OrderDate, Orders.RequiredDate, Orders.ShippedDate, Shippers.CompanyName As ShipperName, 
	""Order Details"".ProductID, Products.ProductName, ""Order Details"".UnitPrice, ""Order Details"".Quantity, 
	""Order Details"".Discount, 
	(CONVERT(money,(""Order Details"".UnitPrice*Quantity*(1-Discount)/100))*100) AS ExtendedPrice, Orders.Freight
FROM 	Shippers INNER JOIN 
		(Products INNER JOIN 
			(
				(Employees INNER JOIN 
					(Customers INNER JOIN Orders ON Customers.CustomerID = Orders.CustomerID) 
				ON Employees.EmployeeID = Orders.EmployeeID) 
			INNER JOIN ""Order Details"" ON Orders.OrderID = ""Order Details"".OrderID) 
		ON Products.ProductID = ""Order Details"".ProductID) 
	ON Shippers.ShipperID = Orders.ShipVia
",ShipperName,sysname,80,0,0,False,False
108,Invoices,"
create view Invoices AS
SELECT Orders.ShipName, Orders.ShipAddress, Orders.ShipCity, Orders.ShipRegion, Orders.ShipPostalCode, 
	Orders.ShipCountry, Orders.CustomerID, Customers.CompanyName AS CustomerName, Customers.Address, Customers.City, 
	Customers.Region, Customers.PostalCode, Customers.Country, 
	(FirstName + ' ' + LastName) AS Salesperson, 
	Orders.OrderID, Orders.OrderDate, Orders.RequiredDate, Orders.ShippedDate, Shippers.CompanyName As ShipperName, 
	""Order Details"".ProductID, Products.ProductName, ""Order Details"".UnitPrice, ""Order Details"".Quantity, 
	""Order Details"".Discount, 
	(CONVERT(money,(""Order Details"".UnitPrice*Quantity*(1-Discount)/100))*100) AS ExtendedPrice, Orders.Freight
FROM 	Shippers INNER JOIN 
		(Products INNER JOIN 
			(
				(Employees INNER JOIN 
					(Customers INNER JOIN Orders ON Customers.CustomerID = Orders.CustomerID) 
				ON Employees.EmployeeID = Orders.EmployeeID) 
			INNER JOIN ""Order Details"" ON Orders.OrderID = ""Order Details"".OrderID) 
		ON Products.ProductID = ""Order Details"".ProductID) 
	ON Shippers.ShipperID = Orders.ShipVia
",ProductName,sysname,80,0,0,False,False
109,Invoices,"
create view Invoices AS
SELECT Orders.ShipName, Orders.ShipAddress, Orders.ShipCity, Orders.ShipRegion, Orders.ShipPostalCode, 
	Orders.ShipCountry, Orders.CustomerID, Customers.CompanyName AS CustomerName, Customers.Address, Customers.City, 
	Customers.Region, Customers.PostalCode, Customers.Country, 
	(FirstName + ' ' + LastName) AS Salesperson, 
	Orders.OrderID, Orders.OrderDate, Orders.RequiredDate, Orders.ShippedDate, Shippers.CompanyName As ShipperName, 
	""Order Details"".ProductID, Products.ProductName, ""Order Details"".UnitPrice, ""Order Details"".Quantity, 
	""Order Details"".Discount, 
	(CONVERT(money,(""Order Details"".UnitPrice*Quantity*(1-Discount)/100))*100) AS ExtendedPrice, Orders.Freight
FROM 	Shippers INNER JOIN 
		(Products INNER JOIN 
			(
				(Employees INNER JOIN 
					(Customers INNER JOIN Orders ON Customers.CustomerID = Orders.CustomerID) 
				ON Employees.EmployeeID = Orders.EmployeeID) 
			INNER JOIN ""Order Details"" ON Orders.OrderID = ""Order Details"".OrderID) 
		ON Products.ProductID = ""Order Details"".ProductID) 
	ON Shippers.ShipperID = Orders.ShipVia
",CustomerName,sysname,80,0,0,False,False
110,Invoices,"
create view Invoices AS
SELECT Orders.ShipName, Orders.ShipAddress, Orders.ShipCity, Orders.ShipRegion, Orders.ShipPostalCode, 
	Orders.ShipCountry, Orders.CustomerID, Customers.CompanyName AS CustomerName, Customers.Address, Customers.City, 
	Customers.Region, Customers.PostalCode, Customers.Country, 
	(FirstName + ' ' + LastName) AS Salesperson, 
	Orders.OrderID, Orders.OrderDate, Orders.RequiredDate, Orders.ShippedDate, Shippers.CompanyName As ShipperName, 
	""Order Details"".ProductID, Products.ProductName, ""Order Details"".UnitPrice, ""Order Details"".Quantity, 
	""Order Details"".Discount, 
	(CONVERT(money,(""Order Details"".UnitPrice*Quantity*(1-Discount)/100))*100) AS ExtendedPrice, Orders.Freight
FROM 	Shippers INNER JOIN 
		(Products INNER JOIN 
			(
				(Employees INNER JOIN 
					(Customers INNER JOIN Orders ON Customers.CustomerID = Orders.CustomerID) 
				ON Employees.EmployeeID = Orders.EmployeeID) 
			INNER JOIN ""Order Details"" ON Orders.OrderID = ""Order Details"".OrderID) 
		ON Products.ProductID = ""Order Details"".ProductID) 
	ON Shippers.ShipperID = Orders.ShipVia
",Address,sysname,120,0,0,True,False
111,Invoices,"
create view Invoices AS
SELECT Orders.ShipName, Orders.ShipAddress, Orders.ShipCity, Orders.ShipRegion, Orders.ShipPostalCode, 
	Orders.ShipCountry, Orders.CustomerID, Customers.CompanyName AS CustomerName, Customers.Address, Customers.City, 
	Customers.Region, Customers.PostalCode, Customers.Country, 
	(FirstName + ' ' + LastName) AS Salesperson, 
	Orders.OrderID, Orders.OrderDate, Orders.RequiredDate, Orders.ShippedDate, Shippers.CompanyName As ShipperName, 
	""Order Details"".ProductID, Products.ProductName, ""Order Details"".UnitPrice, ""Order Details"".Quantity, 
	""Order Details"".Discount, 
	(CONVERT(money,(""Order Details"".UnitPrice*Quantity*(1-Discount)/100))*100) AS ExtendedPrice, Orders.Freight
FROM 	Shippers INNER JOIN 
		(Products INNER JOIN 
			(
				(Employees INNER JOIN 
					(Customers INNER JOIN Orders ON Customers.CustomerID = Orders.CustomerID) 
				ON Employees.EmployeeID = Orders.EmployeeID) 
			INNER JOIN ""Order Details"" ON Orders.OrderID = ""Order Details"".OrderID) 
		ON Products.ProductID = ""Order Details"".ProductID) 
	ON Shippers.ShipperID = Orders.ShipVia
",City,sysname,30,0,0,True,False
112,Invoices,"
create view Invoices AS
SELECT Orders.ShipName, Orders.ShipAddress, Orders.ShipCity, Orders.ShipRegion, Orders.ShipPostalCode, 
	Orders.ShipCountry, Orders.CustomerID, Customers.CompanyName AS CustomerName, Customers.Address, Customers.City, 
	Customers.Region, Customers.PostalCode, Customers.Country, 
	(FirstName + ' ' + LastName) AS Salesperson, 
	Orders.OrderID, Orders.OrderDate, Orders.RequiredDate, Orders.ShippedDate, Shippers.CompanyName As ShipperName, 
	""Order Details"".ProductID, Products.ProductName, ""Order Details"".UnitPrice, ""Order Details"".Quantity, 
	""Order Details"".Discount, 
	(CONVERT(money,(""Order Details"".UnitPrice*Quantity*(1-Discount)/100))*100) AS ExtendedPrice, Orders.Freight
FROM 	Shippers INNER JOIN 
		(Products INNER JOIN 
			(
				(Employees INNER JOIN 
					(Customers INNER JOIN Orders ON Customers.CustomerID = Orders.CustomerID) 
				ON Employees.EmployeeID = Orders.EmployeeID) 
			INNER JOIN ""Order Details"" ON Orders.OrderID = ""Order Details"".OrderID) 
		ON Products.ProductID = ""Order Details"".ProductID) 
	ON Shippers.ShipperID = Orders.ShipVia
",Region,sysname,30,0,0,True,False
113,Invoices,"
create view Invoices AS
SELECT Orders.ShipName, Orders.ShipAddress, Orders.ShipCity, Orders.ShipRegion, Orders.ShipPostalCode, 
	Orders.ShipCountry, Orders.CustomerID, Customers.CompanyName AS CustomerName, Customers.Address, Customers.City, 
	Customers.Region, Customers.PostalCode, Customers.Country, 
	(FirstName + ' ' + LastName) AS Salesperson, 
	Orders.OrderID, Orders.OrderDate, Orders.RequiredDate, Orders.ShippedDate, Shippers.CompanyName As ShipperName, 
	""Order Details"".ProductID, Products.ProductName, ""Order Details"".UnitPrice, ""Order Details"".Quantity, 
	""Order Details"".Discount, 
	(CONVERT(money,(""Order Details"".UnitPrice*Quantity*(1-Discount)/100))*100) AS ExtendedPrice, Orders.Freight
FROM 	Shippers INNER JOIN 
		(Products INNER JOIN 
			(
				(Employees INNER JOIN 
					(Customers INNER JOIN Orders ON Customers.CustomerID = Orders.CustomerID) 
				ON Employees.EmployeeID = Orders.EmployeeID) 
			INNER JOIN ""Order Details"" ON Orders.OrderID = ""Order Details"".OrderID) 
		ON Products.ProductID = ""Order Details"".ProductID) 
	ON Shippers.ShipperID = Orders.ShipVia
",PostalCode,sysname,20,0,0,True,False
114,Invoices,"
create view Invoices AS
SELECT Orders.ShipName, Orders.ShipAddress, Orders.ShipCity, Orders.ShipRegion, Orders.ShipPostalCode, 
	Orders.ShipCountry, Orders.CustomerID, Customers.CompanyName AS CustomerName, Customers.Address, Customers.City, 
	Customers.Region, Customers.PostalCode, Customers.Country, 
	(FirstName + ' ' + LastName) AS Salesperson, 
	Orders.OrderID, Orders.OrderDate, Orders.RequiredDate, Orders.ShippedDate, Shippers.CompanyName As ShipperName, 
	""Order Details"".ProductID, Products.ProductName, ""Order Details"".UnitPrice, ""Order Details"".Quantity, 
	""Order Details"".Discount, 
	(CONVERT(money,(""Order Details"".UnitPrice*Quantity*(1-Discount)/100))*100) AS ExtendedPrice, Orders.Freight
FROM 	Shippers INNER JOIN 
		(Products INNER JOIN 
			(
				(Employees INNER JOIN 
					(Customers INNER JOIN Orders ON Customers.CustomerID = Orders.CustomerID) 
				ON Employees.EmployeeID = Orders.EmployeeID) 
			INNER JOIN ""Order Details"" ON Orders.OrderID = ""Order Details"".OrderID) 
		ON Products.ProductID = ""Order Details"".ProductID) 
	ON Shippers.ShipperID = Orders.ShipVia
",Country,sysname,30,0,0,True,False
115,Order Details Extended,"
create view ""Order Details Extended"" AS
SELECT ""Order Details"".OrderID, ""Order Details"".ProductID, Products.ProductName, 
	""Order Details"".UnitPrice, ""Order Details"".Quantity, ""Order Details"".Discount, 
	(CONVERT(money,(""Order Details"".UnitPrice*Quantity*(1-Discount)/100))*100) AS ExtendedPrice
FROM Products INNER JOIN ""Order Details"" ON Products.ProductID = ""Order Details"".ProductID
--ORDER BY ""Order Details"".OrderID
",Quantity,smallint,2,5,0,False,False
116,Order Details Extended,"
create view ""Order Details Extended"" AS
SELECT ""Order Details"".OrderID, ""Order Details"".ProductID, Products.ProductName, 
	""Order Details"".UnitPrice, ""Order Details"".Quantity, ""Order Details"".Discount, 
	(CONVERT(money,(""Order Details"".UnitPrice*Quantity*(1-Discount)/100))*100) AS ExtendedPrice
FROM Products INNER JOIN ""Order Details"" ON Products.ProductID = ""Order Details"".ProductID
--ORDER BY ""Order Details"".OrderID
",OrderID,int,4,10,0,False,False
117,Order Details Extended,"
create view ""Order Details Extended"" AS
SELECT ""Order Details"".OrderID, ""Order Details"".ProductID, Products.ProductName, 
	""Order Details"".UnitPrice, ""Order Details"".Quantity, ""Order Details"".Discount, 
	(CONVERT(money,(""Order Details"".UnitPrice*Quantity*(1-Discount)/100))*100) AS ExtendedPrice
FROM Products INNER JOIN ""Order Details"" ON Products.ProductID = ""Order Details"".ProductID
--ORDER BY ""Order Details"".OrderID
",ProductID,int,4,10,0,False,False
118,Order Details Extended,"
create view ""Order Details Extended"" AS
SELECT ""Order Details"".OrderID, ""Order Details"".ProductID, Products.ProductName, 
	""Order Details"".UnitPrice, ""Order Details"".Quantity, ""Order Details"".Discount, 
	(CONVERT(money,(""Order Details"".UnitPrice*Quantity*(1-Discount)/100))*100) AS ExtendedPrice
FROM Products INNER JOIN ""Order Details"" ON Products.ProductID = ""Order Details"".ProductID
--ORDER BY ""Order Details"".OrderID
",Discount,real,4,24,0,False,False
119,Order Details Extended,"
create view ""Order Details Extended"" AS
SELECT ""Order Details"".OrderID, ""Order Details"".ProductID, Products.ProductName, 
	""Order Details"".UnitPrice, ""Order Details"".Quantity, ""Order Details"".Discount, 
	(CONVERT(money,(""Order Details"".UnitPrice*Quantity*(1-Discount)/100))*100) AS ExtendedPrice
FROM Products INNER JOIN ""Order Details"" ON Products.ProductID = ""Order Details"".ProductID
--ORDER BY ""Order Details"".OrderID
",UnitPrice,money,8,19,4,False,False
120,Order Details Extended,"
create view ""Order Details Extended"" AS
SELECT ""Order Details"".OrderID, ""Order Details"".ProductID, Products.ProductName, 
	""Order Details"".UnitPrice, ""Order Details"".Quantity, ""Order Details"".Discount, 
	(CONVERT(money,(""Order Details"".UnitPrice*Quantity*(1-Discount)/100))*100) AS ExtendedPrice
FROM Products INNER JOIN ""Order Details"" ON Products.ProductID = ""Order Details"".ProductID
--ORDER BY ""Order Details"".OrderID
",ExtendedPrice,money,8,19,4,True,False
121,Order Details Extended,"
create view ""Order Details Extended"" AS
SELECT ""Order Details"".OrderID, ""Order Details"".ProductID, Products.ProductName, 
	""Order Details"".UnitPrice, ""Order Details"".Quantity, ""Order Details"".Discount, 
	(CONVERT(money,(""Order Details"".UnitPrice*Quantity*(1-Discount)/100))*100) AS ExtendedPrice
FROM Products INNER JOIN ""Order Details"" ON Products.ProductID = ""Order Details"".ProductID
--ORDER BY ""Order Details"".OrderID
",ProductName,nvarchar,80,0,0,False,False
122,Order Details Extended,"
create view ""Order Details Extended"" AS
SELECT ""Order Details"".OrderID, ""Order Details"".ProductID, Products.ProductName, 
	""Order Details"".UnitPrice, ""Order Details"".Quantity, ""Order Details"".Discount, 
	(CONVERT(money,(""Order Details"".UnitPrice*Quantity*(1-Discount)/100))*100) AS ExtendedPrice
FROM Products INNER JOIN ""Order Details"" ON Products.ProductID = ""Order Details"".ProductID
--ORDER BY ""Order Details"".OrderID
",ProductName,sysname,80,0,0,False,False
123,Order Subtotals,"
create view ""Order Subtotals"" AS
SELECT ""Order Details"".OrderID, Sum(CONVERT(money,(""Order Details"".UnitPrice*Quantity*(1-Discount)/100))*100) AS Subtotal
FROM ""Order Details""
GROUP BY ""Order Details"".OrderID
",OrderID,int,4,10,0,False,False
124,Order Subtotals,"
create view ""Order Subtotals"" AS
SELECT ""Order Details"".OrderID, Sum(CONVERT(money,(""Order Details"".UnitPrice*Quantity*(1-Discount)/100))*100) AS Subtotal
FROM ""Order Details""
GROUP BY ""Order Details"".OrderID
",Subtotal,money,8,19,4,True,False
125,Product Sales for 1997,"
create view ""Product Sales for 1997"" AS
SELECT Categories.CategoryName, Products.ProductName, 
Sum(CONVERT(money,(""Order Details"".UnitPrice*Quantity*(1-Discount)/100))*100) AS ProductSales
FROM (Categories INNER JOIN Products ON Categories.CategoryID = Products.CategoryID) 
	INNER JOIN (Orders 
		INNER JOIN ""Order Details"" ON Orders.OrderID = ""Order Details"".OrderID) 
	ON Products.ProductID = ""Order Details"".ProductID
WHERE (((Orders.ShippedDate) Between '19970101' And '19971231'))
GROUP BY Categories.CategoryName, Products.ProductName
",ProductSales,money,8,19,4,True,False
126,Product Sales for 1997,"
create view ""Product Sales for 1997"" AS
SELECT Categories.CategoryName, Products.ProductName, 
Sum(CONVERT(money,(""Order Details"".UnitPrice*Quantity*(1-Discount)/100))*100) AS ProductSales
FROM (Categories INNER JOIN Products ON Categories.CategoryID = Products.CategoryID) 
	INNER JOIN (Orders 
		INNER JOIN ""Order Details"" ON Orders.OrderID = ""Order Details"".OrderID) 
	ON Products.ProductID = ""Order Details"".ProductID
WHERE (((Orders.ShippedDate) Between '19970101' And '19971231'))
GROUP BY Categories.CategoryName, Products.ProductName
",CategoryName,nvarchar,30,0,0,False,False
127,Product Sales for 1997,"
create view ""Product Sales for 1997"" AS
SELECT Categories.CategoryName, Products.ProductName, 
Sum(CONVERT(money,(""Order Details"".UnitPrice*Quantity*(1-Discount)/100))*100) AS ProductSales
FROM (Categories INNER JOIN Products ON Categories.CategoryID = Products.CategoryID) 
	INNER JOIN (Orders 
		INNER JOIN ""Order Details"" ON Orders.OrderID = ""Order Details"".OrderID) 
	ON Products.ProductID = ""Order Details"".ProductID
WHERE (((Orders.ShippedDate) Between '19970101' And '19971231'))
GROUP BY Categories.CategoryName, Products.ProductName
",ProductName,nvarchar,80,0,0,False,False
128,Product Sales for 1997,"
create view ""Product Sales for 1997"" AS
SELECT Categories.CategoryName, Products.ProductName, 
Sum(CONVERT(money,(""Order Details"".UnitPrice*Quantity*(1-Discount)/100))*100) AS ProductSales
FROM (Categories INNER JOIN Products ON Categories.CategoryID = Products.CategoryID) 
	INNER JOIN (Orders 
		INNER JOIN ""Order Details"" ON Orders.OrderID = ""Order Details"".OrderID) 
	ON Products.ProductID = ""Order Details"".ProductID
WHERE (((Orders.ShippedDate) Between '19970101' And '19971231'))
GROUP BY Categories.CategoryName, Products.ProductName
",CategoryName,sysname,30,0,0,False,False
129,Product Sales for 1997,"
create view ""Product Sales for 1997"" AS
SELECT Categories.CategoryName, Products.ProductName, 
Sum(CONVERT(money,(""Order Details"".UnitPrice*Quantity*(1-Discount)/100))*100) AS ProductSales
FROM (Categories INNER JOIN Products ON Categories.CategoryID = Products.CategoryID) 
	INNER JOIN (Orders 
		INNER JOIN ""Order Details"" ON Orders.OrderID = ""Order Details"".OrderID) 
	ON Products.ProductID = ""Order Details"".ProductID
WHERE (((Orders.ShippedDate) Between '19970101' And '19971231'))
GROUP BY Categories.CategoryName, Products.ProductName
",ProductName,sysname,80,0,0,False,False
130,Category Sales for 1997,"
create view ""Category Sales for 1997"" AS
SELECT ""Product Sales for 1997"".CategoryName, Sum(""Product Sales for 1997"".ProductSales) AS CategorySales
FROM ""Product Sales for 1997""
GROUP BY ""Product Sales for 1997"".CategoryName
",CategorySales,money,8,19,4,True,False
131,Category Sales for 1997,"
create view ""Category Sales for 1997"" AS
SELECT ""Product Sales for 1997"".CategoryName, Sum(""Product Sales for 1997"".ProductSales) AS CategorySales
FROM ""Product Sales for 1997""
GROUP BY ""Product Sales for 1997"".CategoryName
",CategoryName,nvarchar,30,0,0,False,False
132,Category Sales for 1997,"
create view ""Category Sales for 1997"" AS
SELECT ""Product Sales for 1997"".CategoryName, Sum(""Product Sales for 1997"".ProductSales) AS CategorySales
FROM ""Product Sales for 1997""
GROUP BY ""Product Sales for 1997"".CategoryName
",CategoryName,sysname,30,0,0,False,False
133,Sales by Category,"
create view ""Sales by Category"" AS
SELECT Categories.CategoryID, Categories.CategoryName, Products.ProductName, 
	Sum(""Order Details Extended"".ExtendedPrice) AS ProductSales
FROM 	Categories INNER JOIN 
		(Products INNER JOIN 
			(Orders INNER JOIN ""Order Details Extended"" ON Orders.OrderID = ""Order Details Extended"".OrderID) 
		ON Products.ProductID = ""Order Details Extended"".ProductID) 
	ON Categories.CategoryID = Products.CategoryID
WHERE Orders.OrderDate BETWEEN '19970101' And '19971231'
GROUP BY Categories.CategoryID, Categories.CategoryName, Products.ProductName
--ORDER BY Products.ProductName
",CategoryID,int,4,10,0,False,False
134,Sales by Category,"
create view ""Sales by Category"" AS
SELECT Categories.CategoryID, Categories.CategoryName, Products.ProductName, 
	Sum(""Order Details Extended"".ExtendedPrice) AS ProductSales
FROM 	Categories INNER JOIN 
		(Products INNER JOIN 
			(Orders INNER JOIN ""Order Details Extended"" ON Orders.OrderID = ""Order Details Extended"".OrderID) 
		ON Products.ProductID = ""Order Details Extended"".ProductID) 
	ON Categories.CategoryID = Products.CategoryID
WHERE Orders.OrderDate BETWEEN '19970101' And '19971231'
GROUP BY Categories.CategoryID, Categories.CategoryName, Products.ProductName
--ORDER BY Products.ProductName
",ProductSales,money,8,19,4,True,False
135,Sales by Category,"
create view ""Sales by Category"" AS
SELECT Categories.CategoryID, Categories.CategoryName, Products.ProductName, 
	Sum(""Order Details Extended"".ExtendedPrice) AS ProductSales
FROM 	Categories INNER JOIN 
		(Products INNER JOIN 
			(Orders INNER JOIN ""Order Details Extended"" ON Orders.OrderID = ""Order Details Extended"".OrderID) 
		ON Products.ProductID = ""Order Details Extended"".ProductID) 
	ON Categories.CategoryID = Products.CategoryID
WHERE Orders.OrderDate BETWEEN '19970101' And '19971231'
GROUP BY Categories.CategoryID, Categories.CategoryName, Products.ProductName
--ORDER BY Products.ProductName
",CategoryName,nvarchar,30,0,0,False,False
136,Sales by Category,"
create view ""Sales by Category"" AS
SELECT Categories.CategoryID, Categories.CategoryName, Products.ProductName, 
	Sum(""Order Details Extended"".ExtendedPrice) AS ProductSales
FROM 	Categories INNER JOIN 
		(Products INNER JOIN 
			(Orders INNER JOIN ""Order Details Extended"" ON Orders.OrderID = ""Order Details Extended"".OrderID) 
		ON Products.ProductID = ""Order Details Extended"".ProductID) 
	ON Categories.CategoryID = Products.CategoryID
WHERE Orders.OrderDate BETWEEN '19970101' And '19971231'
GROUP BY Categories.CategoryID, Categories.CategoryName, Products.ProductName
--ORDER BY Products.ProductName
",ProductName,nvarchar,80,0,0,False,False
137,Sales by Category,"
create view ""Sales by Category"" AS
SELECT Categories.CategoryID, Categories.CategoryName, Products.ProductName, 
	Sum(""Order Details Extended"".ExtendedPrice) AS ProductSales
FROM 	Categories INNER JOIN 
		(Products INNER JOIN 
			(Orders INNER JOIN ""Order Details Extended"" ON Orders.OrderID = ""Order Details Extended"".OrderID) 
		ON Products.ProductID = ""Order Details Extended"".ProductID) 
	ON Categories.CategoryID = Products.CategoryID
WHERE Orders.OrderDate BETWEEN '19970101' And '19971231'
GROUP BY Categories.CategoryID, Categories.CategoryName, Products.ProductName
--ORDER BY Products.ProductName
",CategoryName,sysname,30,0,0,False,False
138,Sales by Category,"
create view ""Sales by Category"" AS
SELECT Categories.CategoryID, Categories.CategoryName, Products.ProductName, 
	Sum(""Order Details Extended"".ExtendedPrice) AS ProductSales
FROM 	Categories INNER JOIN 
		(Products INNER JOIN 
			(Orders INNER JOIN ""Order Details Extended"" ON Orders.OrderID = ""Order Details Extended"".OrderID) 
		ON Products.ProductID = ""Order Details Extended"".ProductID) 
	ON Categories.CategoryID = Products.CategoryID
WHERE Orders.OrderDate BETWEEN '19970101' And '19971231'
GROUP BY Categories.CategoryID, Categories.CategoryName, Products.ProductName
--ORDER BY Products.ProductName
",ProductName,sysname,80,0,0,False,False
139,Sales Totals by Amount,"
create view ""Sales Totals by Amount"" AS
SELECT ""Order Subtotals"".Subtotal AS SaleAmount, Orders.OrderID, Customers.CompanyName, Orders.ShippedDate
FROM 	Customers INNER JOIN 
		(Orders INNER JOIN ""Order Subtotals"" ON Orders.OrderID = ""Order Subtotals"".OrderID) 
	ON Customers.CustomerID = Orders.CustomerID
WHERE (""Order Subtotals"".Subtotal >2500) AND (Orders.ShippedDate BETWEEN '19970101' And '19971231')
",OrderID,int,4,10,0,False,False
140,Sales Totals by Amount,"
create view ""Sales Totals by Amount"" AS
SELECT ""Order Subtotals"".Subtotal AS SaleAmount, Orders.OrderID, Customers.CompanyName, Orders.ShippedDate
FROM 	Customers INNER JOIN 
		(Orders INNER JOIN ""Order Subtotals"" ON Orders.OrderID = ""Order Subtotals"".OrderID) 
	ON Customers.CustomerID = Orders.CustomerID
WHERE (""Order Subtotals"".Subtotal >2500) AND (Orders.ShippedDate BETWEEN '19970101' And '19971231')
",SaleAmount,money,8,19,4,True,False
141,Sales Totals by Amount,"
create view ""Sales Totals by Amount"" AS
SELECT ""Order Subtotals"".Subtotal AS SaleAmount, Orders.OrderID, Customers.CompanyName, Orders.ShippedDate
FROM 	Customers INNER JOIN 
		(Orders INNER JOIN ""Order Subtotals"" ON Orders.OrderID = ""Order Subtotals"".OrderID) 
	ON Customers.CustomerID = Orders.CustomerID
WHERE (""Order Subtotals"".Subtotal >2500) AND (Orders.ShippedDate BETWEEN '19970101' And '19971231')
",ShippedDate,datetime,8,23,3,True,False
142,Sales Totals by Amount,"
create view ""Sales Totals by Amount"" AS
SELECT ""Order Subtotals"".Subtotal AS SaleAmount, Orders.OrderID, Customers.CompanyName, Orders.ShippedDate
FROM 	Customers INNER JOIN 
		(Orders INNER JOIN ""Order Subtotals"" ON Orders.OrderID = ""Order Subtotals"".OrderID) 
	ON Customers.CustomerID = Orders.CustomerID
WHERE (""Order Subtotals"".Subtotal >2500) AND (Orders.ShippedDate BETWEEN '19970101' And '19971231')
",CompanyName,nvarchar,80,0,0,False,False
143,Sales Totals by Amount,"
create view ""Sales Totals by Amount"" AS
SELECT ""Order Subtotals"".Subtotal AS SaleAmount, Orders.OrderID, Customers.CompanyName, Orders.ShippedDate
FROM 	Customers INNER JOIN 
		(Orders INNER JOIN ""Order Subtotals"" ON Orders.OrderID = ""Order Subtotals"".OrderID) 
	ON Customers.CustomerID = Orders.CustomerID
WHERE (""Order Subtotals"".Subtotal >2500) AND (Orders.ShippedDate BETWEEN '19970101' And '19971231')
",CompanyName,sysname,80,0,0,False,False
144,Summary of Sales by Quarter,"
create view ""Summary of Sales by Quarter"" AS
SELECT Orders.ShippedDate, Orders.OrderID, ""Order Subtotals"".Subtotal
FROM Orders INNER JOIN ""Order Subtotals"" ON Orders.OrderID = ""Order Subtotals"".OrderID
WHERE Orders.ShippedDate IS NOT NULL
--ORDER BY Orders.ShippedDate
",OrderID,int,4,10,0,False,False
145,Summary of Sales by Quarter,"
create view ""Summary of Sales by Quarter"" AS
SELECT Orders.ShippedDate, Orders.OrderID, ""Order Subtotals"".Subtotal
FROM Orders INNER JOIN ""Order Subtotals"" ON Orders.OrderID = ""Order Subtotals"".OrderID
WHERE Orders.ShippedDate IS NOT NULL
--ORDER BY Orders.ShippedDate
",Subtotal,money,8,19,4,True,False
146,Summary of Sales by Quarter,"
create view ""Summary of Sales by Quarter"" AS
SELECT Orders.ShippedDate, Orders.OrderID, ""Order Subtotals"".Subtotal
FROM Orders INNER JOIN ""Order Subtotals"" ON Orders.OrderID = ""Order Subtotals"".OrderID
WHERE Orders.ShippedDate IS NOT NULL
--ORDER BY Orders.ShippedDate
",ShippedDate,datetime,8,23,3,True,False
147,Summary of Sales by Year,"
create view ""Summary of Sales by Year"" AS
SELECT Orders.ShippedDate, Orders.OrderID, ""Order Subtotals"".Subtotal
FROM Orders INNER JOIN ""Order Subtotals"" ON Orders.OrderID = ""Order Subtotals"".OrderID
WHERE Orders.ShippedDate IS NOT NULL
--ORDER BY Orders.ShippedDate
",OrderID,int,4,10,0,False,False
148,Summary of Sales by Year,"
create view ""Summary of Sales by Year"" AS
SELECT Orders.ShippedDate, Orders.OrderID, ""Order Subtotals"".Subtotal
FROM Orders INNER JOIN ""Order Subtotals"" ON Orders.OrderID = ""Order Subtotals"".OrderID
WHERE Orders.ShippedDate IS NOT NULL
--ORDER BY Orders.ShippedDate
",Subtotal,money,8,19,4,True,False
149,Summary of Sales by Year,"
create view ""Summary of Sales by Year"" AS
SELECT Orders.ShippedDate, Orders.OrderID, ""Order Subtotals"".Subtotal
FROM Orders INNER JOIN ""Order Subtotals"" ON Orders.OrderID = ""Order Subtotals"".OrderID
WHERE Orders.ShippedDate IS NOT NULL
--ORDER BY Orders.ShippedDate
",ShippedDate,datetime,8,23,3,True,False
